Citys,ymd,Weather,highTemp,lowTemp,windPower
哈尔滨,20110101,阵雪/晴,-10,-20,4
哈尔滨,20110102,晴/晴,-12,-22,4
哈尔滨,20110103,晴/晴,-15,-25,4
哈尔滨,20110104,晴/晴,-17,-26,4
哈尔滨,20110105,晴/晴,-17,-24,4
哈尔滨,20110106,晴/晴,-15,-24,4
哈尔滨,20110107,晴/多云,-12,-23,4
哈尔滨,20110108,多云/晴,-14,-25,4
哈尔滨,20110109,晴/晴,-16,-27,4
哈尔滨,20110110,晴/晴,-16,-25,4
哈尔滨,20110111,阵雪/多云,-16,-27,4
哈尔滨,20110112,晴/晴,-18,-28,4
哈尔滨,20110113,多云/多云,-18,-26,4
哈尔滨,20110114,多云/晴,-20,-30,4
哈尔滨,20110115,晴/晴,-23,-30,5
哈尔滨,20110116,晴/阵雪,-18,-26,4
哈尔滨,20110117,多云/多云,-18,-24,4
哈尔滨,20110118,阵雪/阵雪,-18,-23,4
哈尔滨,20110119,阵雪/多云,-15,-23,4
哈尔滨,20110120,晴/晴,-15,-24,4
哈尔滨,20110121,晴/晴,-16,-24,微
哈尔滨,20110122,多云/阵雪,-14,-24,4
哈尔滨,20110123,阵雪/阵雪,-14,-24,4
哈尔滨,20110124,阵雪/多云,-16,-24,4
哈尔滨,20110125,多云/多云,-16,-24,4
哈尔滨,20110126,多云/晴,-17,-27,4
哈尔滨,20110127,晴/晴,-18,-27,4
哈尔滨,20110128,多云/阵雪,-19,-26,4
哈尔滨,20110129,阵雪/晴,-18,-27,4
哈尔滨,20110130,晴/晴,-15,-24,4
哈尔滨,20110131,晴/晴,-8,-17,4
哈尔滨,20110201,晴/晴,-6,-16,4
哈尔滨,20110202,晴/晴,-6,-18,4
哈尔滨,20110203,晴/多云,-7,-18,4
哈尔滨,20110204,晴/晴,-7,-21,4
哈尔滨,20110205,晴/阵雪,-5,-14,4
哈尔滨,20110206,多云/晴,-5,-18,4
哈尔滨,20110207,晴/晴,-8,-19,4
哈尔滨,20110208,晴/多云,-9,-22,4
哈尔滨,20110209,晴/晴,-13,-23,4
哈尔滨,20110210,晴/晴,-13,-25,4
哈尔滨,20110211,阵雪/小雪,-14,-22,4
哈尔滨,20110212,多云/晴,-13,-25,4
哈尔滨,20110213,晴/晴,-14,-25,4
哈尔滨,20110214,晴/晴,-10,-18,4
哈尔滨,20110215,晴/多云,-7,-16,4
哈尔滨,20110216,晴/多云,-3,-15,4
哈尔滨,20110217,多云/晴,-7,-19,4
哈尔滨,20110218,晴/晴,-5,-17,4
哈尔滨,20110219,阵雪/晴,-6,-15,4
哈尔滨,20110220,晴/晴,-1,-11,4
哈尔滨,20110221,晴/晴,2,-8,微
哈尔滨,20110222,晴/阵雪,5,-1,6
哈尔滨,20110223,阵雪/晴,3,-13,5
哈尔滨,20110224,晴/晴,-4,-16,5
哈尔滨,20110225,晴/晴,-7,-18,5
哈尔滨,20110226,阵雪/阵雪,-6,-14,4
哈尔滨,20110227,晴/晴,-6,-18,微
哈尔滨,20110228,多云/晴,-9,-16,4
哈尔滨,20110301,多云/多云,-9,-20,4
哈尔滨,20110302,晴/晴,-7,-19,4
哈尔滨,20110303,晴/晴,-5,-13,4
哈尔滨,20110304,晴/多云,-2,-10,4
哈尔滨,20110305,多云/晴,1,-12,4
哈尔滨,20110306,晴/晴,-3,-14,4
哈尔滨,20110307,阵雪/多云,-3,-14,4
哈尔滨,20110308,晴/多云,-1,-12,5
哈尔滨,20110309,晴/阵雪,-2,-9,4
哈尔滨,20110310,晴/晴,-1,-11,4
哈尔滨,20110311,晴/多云,2,-7,4
哈尔滨,20110312,多云/小雪,4,-3,4
哈尔滨,20110313,中雪/阵雪,2,-8,4
哈尔滨,20110314,晴/晴,1,-10,5
哈尔滨,20110315,多云/晴,-3,-14,4
哈尔滨,20110316,晴/晴,-2,-13,4
哈尔滨,20110317,晴/多云,3,-3,5
哈尔滨,20110318,多云/阵雪,7,-6,6
哈尔滨,20110319,晴/晴,5,-7,4
哈尔滨,20110320,晴/晴,2,-8,4
哈尔滨,20110321,晴/晴,0,-9,4
哈尔滨,20110322,晴/晴,-1,-7,4
哈尔滨,20110323,多云/多云,3,-7,4
哈尔滨,20110324,多云/晴,3,-7,4
哈尔滨,20110325,晴/晴,3,-5,4
哈尔滨,20110326,晴/多云,5,-4,4
哈尔滨,20110327,晴/晴,8,-3,4
哈尔滨,20110328,晴/晴,9,-1,4
哈尔滨,20110329,多云/多云,10,1,4
哈尔滨,20110330,晴/晴,11,2,4
哈尔滨,20110331,多云/阵雨,14,-3,4
哈尔滨,20110401,晴/晴,4,-5,6
哈尔滨,20110402,晴/晴,7,-2,4
哈尔滨,20110403,晴/晴,11,1,4
哈尔滨,20110404,晴/晴,17,3,5
哈尔滨,20110405,晴/晴,21,6,6
哈尔滨,20110406,多云/阵雨,16,3,4
哈尔滨,20110407,多云/晴,10,-1,5
哈尔滨,20110408,晴/多云,15,5,6
哈尔滨,20110409,多云/晴,9,-3,6
哈尔滨,20110410,晴/晴,9,-3,4
哈尔滨,20110411,晴/晴,12,2,5
哈尔滨,20110412,晴/晴,17,5,4
哈尔滨,20110413,晴/晴,18,3,4
哈尔滨,20110414,多云/阵雨,23,6,4
哈尔滨,20110415,晴/晴,7,-2,5
哈尔滨,20110416,晴/小雨,14,4,5
哈尔滨,20110417,中雨/阵雨,9,1,4
哈尔滨,20110418,晴/晴,11,2,4
哈尔滨,20110419,晴/多云,15,6,4
哈尔滨,20110420,阵雨/多云,12,3,4
哈尔滨,20110421,多云/多云,12,3,4
哈尔滨,20110422,多云/阵雨,13,3,4
哈尔滨,20110423,小雨/阵雨,9,3,4
哈尔滨,20110424,阵雨/多云,10,3,4
哈尔滨,20110425,多云/阵雨,12,2,4
哈尔滨,20110426,多云/晴,13,0,3
哈尔滨,20110427,晴/晴,12,1,4
哈尔滨,20110428,晴/晴,15,3,4
哈尔滨,20110429,晴/晴,19,8,4
哈尔滨,20110430,小到中雨/小雨,16,6,4
哈尔滨,20110501,阵雨/多云,17,6,4
哈尔滨,20110502,阵雨/阵雨,16,6,3
哈尔滨,20110503,晴/晴,18,6,3
哈尔滨,20110504,晴/晴,21,8,4
哈尔滨,20110505,小雨/中雨,20,8,5
哈尔滨,20110506,阵雨/雷阵雨,15,7,4
哈尔滨,20110507,雷阵雨/晴,17,6,4
哈尔滨,20110508,晴/多云,21,10,4
哈尔滨,20110509,阵雨/多云,19,8,4
哈尔滨,20110510,晴/晴,19,7,4
哈尔滨,20110511,多云/阵雨,22,12,4
哈尔滨,20110512,阵雨/阵雨,19,8,3
哈尔滨,20110513,雷阵雨/阵雨,15,6,4
哈尔滨,20110514,阵雨/阵雨,15,4,4
哈尔滨,20110515,晴/多云,16,7,4
哈尔滨,20110516,晴/晴,19,8,4
哈尔滨,20110517,晴/晴,24,12,4
哈尔滨,20110518,多云/中雨,23,11,4
哈尔滨,20110519,阵雨/晴,17,7,4
哈尔滨,20110520,多云/晴,17,5,4
哈尔滨,20110521,多云/阵雨,18,6,4
哈尔滨,20110522,多云/晴,19,8,4
哈尔滨,20110523,多云/晴,19,8,4
哈尔滨,20110524,多云/晴,22,12,4
哈尔滨,20110525,晴/晴,27,18,4
哈尔滨,20110526,晴/多云,31,17,4
哈尔滨,20110527,雷阵雨/雷阵雨,27,15,4
哈尔滨,20110528,多云/小雨,29,17,4
哈尔滨,20110529,阵雨/多云,26,16,4
哈尔滨,20110530,中雨/中雨,22,13,4
哈尔滨,20110531,阵雨/阵雨,19,13,4
哈尔滨,20110601,雷阵雨/多云,17,9,4
哈尔滨,20110602,小雨/中雨,23,15,4
哈尔滨,20110603,中雨/阵雨,20,12,4
哈尔滨,20110604,多云/多云,22,15,4
哈尔滨,20110605,多云/多云,26,16,4
哈尔滨,20110606,雷阵雨/雷阵雨,27,15,3
哈尔滨,20110607,雷阵雨/雷阵雨,25,16,3
哈尔滨,20110608,中雨/阵雨,23,15,3
哈尔滨,20110609,雷阵雨/多云,22,12,3
哈尔滨,20110610,晴/晴,24,14,3
哈尔滨,20110611,雷阵雨/雷阵雨,27,17,3
哈尔滨,20110612,晴/晴,27,13,4
哈尔滨,20110613,晴/晴,26,14,4
哈尔滨,20110614,晴/晴,26,15,4
哈尔滨,20110615,晴/多云,28,16,4
哈尔滨,20110616,晴/多云,28,19,4
哈尔滨,20110617,晴/晴,30,20,3
哈尔滨,20110618,晴/晴,32,21,3
哈尔滨,20110619,晴/晴,34,24,4
哈尔滨,20110620,晴/雷阵雨,33,20,4
哈尔滨,20110621,多云/小到中雨,30,19,4
哈尔滨,20110622,小到中雨/雷阵雨,22,15,4
哈尔滨,20110623,阵雨/多云,25,13,4
哈尔滨,20110624,多云/晴,26,14,4
哈尔滨,20110625,晴/晴,29,17,4
哈尔滨,20110626,晴/多云,32,18,4
哈尔滨,20110627,小雨/多云,24,16,4
哈尔滨,20110628,阵雨/多云,26,19,4
哈尔滨,20110629,晴/晴,32,23,4
哈尔滨,20110630,多云/雷阵雨,31,19,4
哈尔滨,20110701,多云/多云,29,20,4
哈尔滨,20110702,雷阵雨/雷阵雨,29,19,4
哈尔滨,20110703,雷阵雨/晴,27,16,4
哈尔滨,20110704,晴/晴,29,19,4
哈尔滨,20110705,多云/雷阵雨,32,22,4
哈尔滨,20110706,晴/多云,32,20,4
哈尔滨,20110707,雷阵雨/中雨,28,18,4
哈尔滨,20110708,雷阵雨/中雨,25,17,4
哈尔滨,20110709,雷阵雨/多云,26,17,4
哈尔滨,20110710,雷阵雨/多云,28,19,3
哈尔滨,20110711,雷阵雨/多云,29,20,3
哈尔滨,20110712,多云/多云,29,20,4
哈尔滨,20110713,多云/雷阵雨,28,21,4
哈尔滨,20110714,晴/雷阵雨,31,21,4
哈尔滨,20110715,雷阵雨/多云,30,20,4
哈尔滨,20110716,多云/雷阵雨,28,19,4
哈尔滨,20110717,雷阵雨/多云,28,21,4
哈尔滨,20110718,多云/多云,29,21,4
哈尔滨,20110719,多云/雷阵雨,31,22,4
哈尔滨,20110720,雷阵雨/雷阵雨,28,23,4
哈尔滨,20110721,雷阵雨/雷阵雨,29,22,4
哈尔滨,20110722,阵雨/多云,30,22,4
哈尔滨,20110723,多云/多云,31,22,4
哈尔滨,20110724,多云/多云,32,23,4
哈尔滨,20110725,多云/晴,31,23,4
哈尔滨,20110726,多云/雷阵雨,31,21,4
哈尔滨,20110727,雷阵雨/多云,29,21,4
哈尔滨,20110728,雷阵雨/雷阵雨,30,22,4
哈尔滨,20110729,雷阵雨/多云,31,22,4
哈尔滨,20110730,小雨/大雨,28,23,4
哈尔滨,20110731,中雨/小雨,26,21,4
哈尔滨,20110801,雷阵雨/多云,28,21,4
哈尔滨,20110802,晴/晴,29,18,4
哈尔滨,20110803,中雨/中雨,28,19,4
哈尔滨,20110804,阵雨/多云,26,19,4
哈尔滨,20110805,雷阵雨/晴,29,21,4
哈尔滨,20110806,晴/多云,31,22,4
哈尔滨,20110807,多云/多云,31,23,4
哈尔滨,20110808,阵雨/小雨,31,23,4
哈尔滨,20110809,大雨/小雨,27,21,5
哈尔滨,20110810,多云/晴,28,20,4
哈尔滨,20110811,晴/晴,29,20,4
哈尔滨,20110812,晴/晴,31,20,4
哈尔滨,20110813,阵雨/阵雨,29,20,4
哈尔滨,20110814,晴/晴,28,17,4
哈尔滨,20110815,多云/多云,27,17,4
哈尔滨,20110816,多云/晴,27,15,4
哈尔滨,20110817,晴/晴,27,16,4
哈尔滨,20110818,多云/多云,26,16,4
哈尔滨,20110819,多云/晴,26,15,4
哈尔滨,20110820,晴/晴,25,15,4
哈尔滨,20110821,晴/晴,27,13,4
哈尔滨,20110822,晴/晴,26,13,4
哈尔滨,20110823,晴/晴,26,14,4
哈尔滨,20110824,晴/晴,27,14,4
哈尔滨,20110825,晴/晴,27,15,4
哈尔滨,20110826,晴/晴,28,15,4
哈尔滨,20110827,晴/晴,29,15,4
哈尔滨,20110828,阵雨/多云,28,18,4
哈尔滨,20110829,多云/阵雨,27,18,4
哈尔滨,20110830,阵雨/多云,28,21,4
哈尔滨,20110831,中雨/雷阵雨,27,15,4
哈尔滨,20110901,晴/晴,22,10,3
哈尔滨,20110902,多云/晴,23,11,4
哈尔滨,20110903,晴/晴,23,11,4
哈尔滨,20110904,晴/晴,24,11,4
哈尔滨,20110905,晴/晴,24,10,4
哈尔滨,20110906,晴/晴,25,13,4
哈尔滨,20110907,晴/雷阵雨,25,12,4
哈尔滨,20110908,多云/晴,20,7,5
哈尔滨,20110909,晴/晴,20,7,4
哈尔滨,20110910,晴/晴,22,10,4
哈尔滨,20110911,多云/晴,23,10,4
哈尔滨,20110912,晴/晴,27,13,5
哈尔滨,20110913,多云/雷阵雨,25,13,5
哈尔滨,20110914,晴/小到中雨,22,14,4
哈尔滨,20110915,小雨/多云,17,7,4
哈尔滨,20110916,阵雨/晴,16,4,4
哈尔滨,20110917,晴/晴,16,4,4
哈尔滨,20110918,晴/晴,17,4,4
哈尔滨,20110919,晴/晴,20,6,4
哈尔滨,20110920,晴/晴,21,7,4
哈尔滨,20110921,晴/多云,23,7,4
哈尔滨,20110922,晴/晴,17,5,4
哈尔滨,20110923,晴/晴,21,9,4
哈尔滨,20110924,晴/阵雨,26,11,4
哈尔滨,20110925,多云/晴,22,13,5
哈尔滨,20110926,晴/多云,24,13,3
哈尔滨,20110927,多云/多云,24,13,4
哈尔滨,20110928,雷阵雨/雷阵雨,19,4,4
哈尔滨,20110929,多云/多云,6,-1,5
哈尔滨,20110930,晴/多云,11,1,4
哈尔滨,20111001,多云/晴,9,0,4
哈尔滨,20111002,晴/晴,13,1,4
哈尔滨,20111003,晴/晴,18,5,4
哈尔滨,20111004,晴/晴,19,6,4
哈尔滨,20111005,阵雨/阵雨,19,7,4
哈尔滨,20111006,多云/晴,15,1,4
哈尔滨,20111007,晴/晴,19,4,4
哈尔滨,20111008,晴/晴,21,13,6
哈尔滨,20111009,多云/晴,15,3,4
哈尔滨,20111010,晴/晴,15,3,4
哈尔滨,20111011,晴/多云,18,7,4
哈尔滨,20111012,晴/晴,19,6,4
哈尔滨,20111013,多云/多云,21,10,5
哈尔滨,20111014,阵雨/阵雨,17,8,4
哈尔滨,20111015,阵雨/阵雨,15,4,4
哈尔滨,20111016,阵雨/雨夹雪,10,-3,5
哈尔滨,20111017,晴/晴,6,-3,4
哈尔滨,20111018,晴/晴,12,3,4
哈尔滨,20111019,晴/多云,17,8,4
哈尔滨,20111020,多云/多云,19,10,4
哈尔滨,20111021,多云/多云,19,8,4
哈尔滨,20111022,晴/多云,20,6,4
哈尔滨,20111023,阵雨/多云,8,-2,5
哈尔滨,20111024,晴/晴,6,-3,5
哈尔滨,20111025,晴/晴,8,-4,4
哈尔滨,20111026,晴/晴,10,-1,4
哈尔滨,20111027,晴/阵雨,11,3,4
哈尔滨,20111028,阵雨/晴,12,0,4
哈尔滨,20111029,晴/晴,14,3,4
哈尔滨,20111030,晴/多云,16,6,4
哈尔滨,20111031,晴/雾,17,7,5
哈尔滨,20111101,晴/多云,12,2,5
哈尔滨,20111102,晴/晴,11,-3,3
哈尔滨,20111103,晴/多云,11,2,4
哈尔滨,20111104,阵雨/晴,7,-1,4
哈尔滨,20111105,晴/晴,7,-3,4
哈尔滨,20111106,晴/晴,6,-5,3
哈尔滨,20111107,晴/多云,7,-2,3
哈尔滨,20111108,晴/晴,8,-4,3
哈尔滨,20111109,晴/晴,9,-2,4
哈尔滨,20111110,晴/晴,11,0,4
哈尔滨,20111111,多云/雨夹雪,7,-1,4
哈尔滨,20111112,雨夹雪/多云,6,-10,5
哈尔滨,20111113,晴/晴,-2,-12,4
哈尔滨,20111114,晴/晴,-3,-13,4
哈尔滨,20111115,晴/晴,-3,-10,4
哈尔滨,20111116,晴/晴,2,-9,4
哈尔滨,20111117,雾/小到中雪,2,-4,4
哈尔滨,20111118,多云/多云,1,-10,4
哈尔滨,20111119,多云/晴,-6,-14,4
哈尔滨,20111120,多云/晴,-8,-15,4
哈尔滨,20111121,晴/晴,-5,-14,4
哈尔滨,20111122,晴/多云,-5,-12,4
哈尔滨,20111123,多云/晴,-6,-16,4
哈尔滨,20111124,晴/晴,-8,-15,4
哈尔滨,20111125,晴/晴,-4,-11,4
哈尔滨,20111126,阵雪/阵雪,-1,-9,4
哈尔滨,20111127,雾/多云,0,-9,6
哈尔滨,20111128,晴/晴,-2,-14,4
哈尔滨,20111129,晴/晴,-8,-17,5
哈尔滨,20111130,晴/晴,-9,-18,4
哈尔滨,20111201,晴/晴,-6,-13,4
哈尔滨,20111202,晴/多云,-6,-13,4
哈尔滨,20111203,多云/阵雪,-6,-15,4
哈尔滨,20111204,多云/晴,-8,-16,4
哈尔滨,20111205,晴/晴,-6,-15,4
哈尔滨,20111206,雾/晴,-7,-15,4
哈尔滨,20111207,多云/晴,-10,-20,5
哈尔滨,20111208,晴/晴,-11,-19,4
哈尔滨,20111209,晴/多云,-8,-15,4
哈尔滨,20111210,晴/阵雪,-7,-12,4
哈尔滨,20111211,晴/多云,-5,-15,4
哈尔滨,20111212,晴/晴,-8,-14,3
哈尔滨,20111213,阵雪/小雪,-3,-11,4
哈尔滨,20111214,晴/晴,-6,-19,4
哈尔滨,20111215,晴/晴,-12,-22,5
哈尔滨,20111216,晴/多云,-10,-17,4
哈尔滨,20111217,晴/晴,-10,-17,4
哈尔滨,20111218,晴/阵雪,-9,-19,4
哈尔滨,20111219,晴/晴,-9,-17,4
哈尔滨,20111220,晴/晴,-7,-16,4
哈尔滨,20111221,阵雪/多云,-9,-19,4
哈尔滨,20111222,多云/晴,-12,-23,4
哈尔滨,20111223,晴/晴,-16,-24,4
哈尔滨,20111224,晴/晴,-18,-26,4
哈尔滨,20111225,晴/晴,-15,-23,4
哈尔滨,20111226,晴/晴,-13,-21,4
哈尔滨,20111227,晴/阵雪,-11,-18,4
哈尔滨,20111228,阵雪/晴,-12,-23,5
哈尔滨,20111229,晴/晴,-13,-23,4
哈尔滨,20111230,晴/晴,-12,-21,4
哈尔滨,20111231,晴/晴,-13,-21,4
哈尔滨,20120101,晴/晴,-13,-23,4
哈尔滨,20120102,晴/晴,-14,-23,4
哈尔滨,20120103,晴/晴,-15,-22,4
哈尔滨,20120104,晴/晴,-12,-21,4
哈尔滨,20120105,晴/多云,-13,-21,4
哈尔滨,20120106,晴/晴,-10,-21,4
哈尔滨,20120107,晴/晴,-10,-20,4
哈尔滨,20120108,晴/多云,-9,-21,4
哈尔滨,20120109,多云/多云,-14,-25,4
哈尔滨,20120110,多云/晴,-15,-26,4
哈尔滨,20120111,多云/多云,-14,-22,4
哈尔滨,20120112,多云/多云,-14,-21,4
哈尔滨,20120113,晴/晴,-12,-23,4
哈尔滨,20120114,晴/晴,-12,-22,3
哈尔滨,20120115,晴/晴,-10,-19,3
哈尔滨,20120116,晴/晴,-8,-19,4
哈尔滨,20120117,晴/晴,-7,-19,4
哈尔滨,20120118,阵雪/多云,-10,-21,4
哈尔滨,20120119,晴/多云,-11,-21,4
哈尔滨,20120120,阵雪/多云,-13,-23,4
哈尔滨,20120121,多云/多云,-18,-27,4
哈尔滨,20120122,阵雪/多云,-18,-25,4
哈尔滨,20120123,多云/多云,-16,-27,4
哈尔滨,20120124,多云/晴,-16,-25,4
哈尔滨,20120125,晴/晴,-14,-24,4
哈尔滨,20120126,晴/多云,-13,-25,4
哈尔滨,20120127,晴/晴,-11,-26,4
哈尔滨,20120128,晴/晴,-12,-27,3
哈尔滨,20120129,晴/晴,-13,-26,3
哈尔滨,20120130,晴/晴,-15,-27,4
哈尔滨,20120131,晴/晴,-16,-27,4
哈尔滨,20120201,晴/晴,-13,-24,4
哈尔滨,20120202,晴/晴,-13,-21,3
哈尔滨,20120203,晴/晴,-13,-22,4
哈尔滨,20120204,晴/晴,-8,-15,4
哈尔滨,20120205,晴/多云,-5,-12,4
哈尔滨,20120206,阵雪/多云,-6,-20,5
哈尔滨,20120207,晴/晴,-13,-23,4
哈尔滨,20120208,晴/晴,-12,-21,4
哈尔滨,20120209,晴/晴,-11,-19,4
哈尔滨,20120210,晴/晴,-11,-21,4
哈尔滨,20120211,晴/晴,-12,-21,4
哈尔滨,20120212,晴/多云,-5,-12,4
哈尔滨,20120213,晴/多云,-3,-13,4
哈尔滨,20120214,阵雪/晴,-8,-19,4
哈尔滨,20120215,晴/晴,-11,-19,4
哈尔滨,20120216,晴/多云,-12,-22,4
哈尔滨,20120217,晴/晴,-10,-20,4
哈尔滨,20120218,晴/晴,-8,-15,4
哈尔滨,20120219,晴/阵雪,-4,-14,4
哈尔滨,20120220,晴/晴,-8,-20,4
哈尔滨,20120221,晴/晴,-6,-15,4
哈尔滨,20120222,小雪/多云,-5,-14,4
哈尔滨,20120223,晴/晴,-7,-15,4
哈尔滨,20120224,晴/多云,-4,-16,3
哈尔滨,20120225,多云/多云,-5,-16,4
哈尔滨,20120226,晴/晴,-4,-16,4
哈尔滨,20120227,晴/晴,1,-7,4
哈尔滨,20120228,晴/多云,2,-7,4
哈尔滨,20120229,阵雪/晴,0,-12,4
哈尔滨,20120301,晴/晴,-3,-16,4
哈尔滨,20120302,晴/晴,-4,-17,4
哈尔滨,20120303,晴/晴,-1,-13,4
哈尔滨,20120304,晴/多云,2,-5,4
哈尔滨,20120305,小雪/中雪,2,-6,4
哈尔滨,20120306,中雪/小雪,1,-9,4
哈尔滨,20120307,多云/阵雪,-2,-10,4
哈尔滨,20120308,多云/多云,-1,-13,4
哈尔滨,20120309,晴/晴,-3,-15,4
哈尔滨,20120310,阵雪/阵雪,-4,-12,4
哈尔滨,20120311,晴/晴,-3,-15,4
哈尔滨,20120312,晴/晴,-2,-13,4
哈尔滨,20120313,晴/多云,1,-11,5
哈尔滨,20120314,晴/晴,-2,-12,4
哈尔滨,20120315,晴/雨夹雪,6,-2,6
哈尔滨,20120316,中雪/阵雪,4,-11,4
哈尔滨,20120317,多云/晴,-5,-19,5
哈尔滨,20120318,晴/晴,-7,-16,4
哈尔滨,20120319,晴/晴,-2,-12,4
哈尔滨,20120320,晴/晴,1,-8,4
哈尔滨,20120321,多云/多云,6,-4,4
哈尔滨,20120322,多云/晴,6,-5,5
哈尔滨,20120323,阵雪/雨夹雪,6,-1,4
哈尔滨,20120324,多云/多云,4,-7,5
哈尔滨,20120325,晴/晴,3,-7,4
哈尔滨,20120326,晴/雨夹雪,7,0,4
哈尔滨,20120327,晴/晴,7,-2,4
哈尔滨,20120328,晴/多云,14,5,5
哈尔滨,20120329,小雨/中雪,10,-2,4
哈尔滨,20120330,阵雪/多云,2,-6,5
哈尔滨,20120331,阵雪/晴,2,-8,4
哈尔滨,20120401,晴/晴,3,-9,4
哈尔滨,20120402,晴/多云,4,-5,4
哈尔滨,20120403,多云/晴,7,-4,4
哈尔滨,20120404,晴/多云,6,-5,4
哈尔滨,20120405,晴/晴,4,-7,5
哈尔滨,20120406,晴/晴,5,-7,4
哈尔滨,20120407,晴/多云,11,4,6
哈尔滨,20120408,阵雨/晴,9,-2,5
哈尔滨,20120409,晴/晴,11,6,5
哈尔滨,20120410,阵雨/晴,18,1,5
哈尔滨,20120411,晴/阵雨,12,2,4
哈尔滨,20120412,阵雨/晴,10,1,5
哈尔滨,20120413,多云/多云,20,3,6
哈尔滨,20120414,晴/阵雨,15,4,4
哈尔滨,20120415,晴/晴,13,0,4
哈尔滨,20120416,晴/晴,13,1,4
哈尔滨,20120417,晴/晴,19,7,5
哈尔滨,20120418,晴/晴,23,12,6
哈尔滨,20120419,晴/阵雨,25,13,6
哈尔滨,20120420,阵雨/晴,18,8,4
哈尔滨,20120421,晴/多云,21,8,5
哈尔滨,20120422,阵雨/阵雨,15,5,4
哈尔滨,20120423,晴/晴,20,9,4
哈尔滨,20120424,阵雨/小雨,17,9,4
哈尔滨,20120425,小雨/阵雨,13,2,4
哈尔滨,20120426,晴/晴,14,6,4
哈尔滨,20120427,阵雨/阵雨,16,4,6
哈尔滨,20120428,阵雨/多云,11,3,4
哈尔滨,20120429,晴/多云,15,6,4
哈尔滨,20120430,阵雨/多云,18,7,4
哈尔滨,20120501,晴/多云,17,6,4
哈尔滨,20120502,多云/多云,19,8,4
哈尔滨,20120503,晴/晴,23,10,4
哈尔滨,20120504,晴/阵雨,21,7,4
哈尔滨,20120505,多云/阵雨,15,6,5
哈尔滨,20120506,阵雨/阵雨,13,7,4
哈尔滨,20120507,多云/阵雨,18,9,4
哈尔滨,20120508,阵雨/多云,16,7,4
哈尔滨,20120509,晴/多云,20,7,4
哈尔滨,20120510,多云/晴,21,9,4
哈尔滨,20120511,晴/晴,23,11,4
哈尔滨,20120512,多云/小雨,25,12,4
哈尔滨,20120513,多云/阵雨,21,10,5
哈尔滨,20120514,多云/阵雨,20,10,4
哈尔滨,20120515,阵雨/雷阵雨,16,8,4
哈尔滨,20120516,雷阵雨/多云,19,8,4
哈尔滨,20120517,晴/晴,23,10,4
哈尔滨,20120518,晴/晴,29,16,4
哈尔滨,20120519,雷阵雨/多云,27,10,4
哈尔滨,20120520,晴/晴,27,11,4
哈尔滨,20120521,晴/晴,32,19,6
哈尔滨,20120522,多云/雷阵雨,28,14,6
哈尔滨,20120523,晴/晴,23,10,4
哈尔滨,20120524,晴/多云,21,10,4
哈尔滨,20120525,阵雨/多云,20,8,4
哈尔滨,20120526,阵雨/多云,21,8,4
哈尔滨,20120527,晴/晴,22,10,4
哈尔滨,20120528,阵雨/多云,23,11,4
哈尔滨,20120529,多云/雷阵雨,26,15,5
哈尔滨,20120530,雷阵雨/雷阵雨,26,15,4
哈尔滨,20120531,雷阵雨/阵雨,21,10,3
哈尔滨,20120601,雾/晴,25,14,3
哈尔滨,20120602,多云/雷阵雨,27,15,4
哈尔滨,20120603,雷阵雨/雷阵雨,25,13,4
哈尔滨,20120604,中雨/阵雨,21,14,4
哈尔滨,20120605,雷阵雨/多云,24,15,4
哈尔滨,20120606,晴/雷阵雨,27,15,4
哈尔滨,20120607,雷阵雨/多云,26,17,4
哈尔滨,20120608,雷阵雨/阵雨,29,17,4
哈尔滨,20120609,多云/中雨,29,18,3
哈尔滨,20120610,雷阵雨/雷阵雨,24,14,4
哈尔滨,20120611,雷阵雨/雷阵雨,22,13,4
哈尔滨,20120612,雷阵雨/雷阵雨,25,14,4
哈尔滨,20120613,雷阵雨/雷阵雨,24,14,4
哈尔滨,20120614,小雨/中雨,24,17,4
哈尔滨,20120615,大雨/中雨,22,16,4
哈尔滨,20120616,雷阵雨/雷阵雨,23,15,4
哈尔滨,20120617,雷阵雨/雷阵雨,24,17,4
哈尔滨,20120618,雷阵雨/阵雨,26,15,4
哈尔滨,20120619,晴/晴,26,16,4
哈尔滨,20120620,晴/晴,29,18,4
哈尔滨,20120621,多云/多云,28,17,3
哈尔滨,20120622,晴/雷阵雨,30,18,4
哈尔滨,20120623,晴/多云,29,18,4
哈尔滨,20120624,雷阵雨/多云,29,20,4
哈尔滨,20120625,雷阵雨/雷阵雨,30,20,4
哈尔滨,20120626,雷阵雨/晴,30,20,4
哈尔滨,20120627,晴/晴,32,21,4
哈尔滨,20120628,晴/多云,33,22,4
哈尔滨,20120629,雷阵雨/中雨,27,19,4
哈尔滨,20120630,阵雨/多云,25,18,4
哈尔滨,20120701,雷阵雨/中雨,29,19,4
哈尔滨,20120702,多云/雷阵雨,28,17,4
哈尔滨,20120703,中雨/雷阵雨,26,18,4
哈尔滨,20120704,雷阵雨/雷阵雨,26,18,4
哈尔滨,20120705,晴/晴,29,20,4
哈尔滨,20120706,晴/晴,31,19,4
哈尔滨,20120707,晴/晴,32,21,4
哈尔滨,20120708,多云/雷阵雨,32,22,4
哈尔滨,20120709,雷阵雨/雷阵雨,30,22,4
哈尔滨,20120710,雷阵雨/雷阵雨,29,21,4
哈尔滨,20120711,雷阵雨/雷阵雨,27,19,4
哈尔滨,20120712,雷阵雨/多云,25,17,4
哈尔滨,20120713,晴/晴,26,17,4
哈尔滨,20120714,多云/晴,27,17,4
哈尔滨,20120715,多云/晴,30,19,4
哈尔滨,20120716,晴/晴,31,21,4
哈尔滨,20120717,晴/晴,33,22,4
哈尔滨,20120718,晴/晴,34,22,4
哈尔滨,20120719,阵雨/阵雨,30,21,4
哈尔滨,20120720,多云/阵雨,28,17,4
哈尔滨,20120721,多云/多云,28,20,4
哈尔滨,20120722,小到中雨/大到暴雨,27,21,4
哈尔滨,20120723,多云/晴,28,19,4
哈尔滨,20120724,晴/晴,31,20,4
哈尔滨,20120725,多云/小雨,31,22,4
哈尔滨,20120726,雷阵雨/中雨,29,20,3
哈尔滨,20120727,雷阵雨/晴,27,18,4
哈尔滨,20120728,多云/中到大雨,29,22,4
哈尔滨,20120729,中雨/雷阵雨,26,18,4
哈尔滨,20120730,雷阵雨/阵雨,23,16,4
哈尔滨,20120731,多云/晴,25,16,4
哈尔滨,20120801,晴/多云,26,18,3
哈尔滨,20120802,小雨/多云,23,17,4
哈尔滨,20120803,多云/小雨,27,19,4
哈尔滨,20120804,阵雨/多云,25,18,3
哈尔滨,20120805,多云/晴,28,18,3
哈尔滨,20120806,晴/晴,31,21,3
哈尔滨,20120807,晴/多云,32,22,4
哈尔滨,20120808,雷阵雨/雷阵雨,28,19,5
哈尔滨,20120809,雾/晴,27,16,4
哈尔滨,20120810,雷阵雨/多云,26,15,4
哈尔滨,20120811,多云/多云,24,14,4
哈尔滨,20120812,多云/晴,24,14,4
哈尔滨,20120813,晴/晴,27,15,4
哈尔滨,20120814,晴/多云,28,17,4
哈尔滨,20120815,晴/多云,27,17,4
哈尔滨,20120816,晴/晴,29,17,4
哈尔滨,20120817,晴/多云,31,21,5
哈尔滨,20120818,雷阵雨/多云,26,18,5
哈尔滨,20120819,晴/晴,27,18,4
哈尔滨,20120820,多云/多云,29,16,5
哈尔滨,20120821,多云/晴,23,11,4
哈尔滨,20120822,晴/晴,24,12,4
哈尔滨,20120823,晴/晴,27,17,4
哈尔滨,20120824,晴/晴,29,18,4
哈尔滨,20120825,晴/多云,28,17,4
哈尔滨,20120826,晴/晴,29,18,4
哈尔滨,20120827,多云/多云,29,19,4
哈尔滨,20120828,阵雨/大到暴雨,28,20,5
哈尔滨,20120829,大雨/晴,23,12,6
哈尔滨,20120830,晴/晴,26,15,4
哈尔滨,20120831,晴/晴,30,15,4
哈尔滨,20120901,晴/多云,30,17,4
哈尔滨,20120902,雷阵雨/小雨,28,19,4
哈尔滨,20120903,阵雨/小到中雨,22,13,4
哈尔滨,20120904,阵雨/多云,16,9,4
哈尔滨,20120905,多云/晴,20,9,3
哈尔滨,20120906,晴/晴,23,12,4
哈尔滨,20120907,晴/晴,26,14,4
哈尔滨,20120908,阵雨/阵雨,24,13,4
哈尔滨,20120909,多云/晴,21,13,4
哈尔滨,20120910,晴/晴,25,15,4
哈尔滨,20120911,多云/阵雨,25,15,4
哈尔滨,20120912,阵雨/阵雨,20,12,4
哈尔滨,20120913,阵雨/阵雨,18,9,4
哈尔滨,20120914,晴/晴,17,7,3
哈尔滨,20120915,晴/晴,21,9,3
哈尔滨,20120916,晴/晴,24,9,3
哈尔滨,20120917,晴/阵雨,23,12,4
哈尔滨,20120918,多云/晴,19,9,5
哈尔滨,20120919,晴/晴,23,11,4
哈尔滨,20120920,晴/晴,25,14,4
哈尔滨,20120921,晴/晴,26,14,4
哈尔滨,20120922,阵雨/阵雨,25,13,4
哈尔滨,20120923,雷阵雨/晴,20,7,4
哈尔滨,20120924,晴/晴,20,7,4
哈尔滨,20120925,多云/雷阵雨,21,12,5
哈尔滨,20120926,晴/晴,20,9,4
哈尔滨,20120927,多云/小雨,19,13,4
哈尔滨,20120928,小到中雨/阵雨,15,12,5
哈尔滨,20120929,阵雨/多云,15,6,4
哈尔滨,20120930,晴/晴,17,5,4
哈尔滨,20121001,晴/晴,18,5,3
哈尔滨,20121002,晴/晴,21,8,3
哈尔滨,20121003,阵雨/阵雨,19,10,4
哈尔滨,20121004,阵雨/阵雨,15,7,4
哈尔滨,20121005,多云/晴,14,4,4
哈尔滨,20121006,晴/晴,15,2,4
哈尔滨,20121007,晴/晴,19,6,4
哈尔滨,20121008,晴/多云,21,11,5
哈尔滨,20121009,阵雨/阵雨,20,7,5
哈尔滨,20121010,晴/晴,11,0,4
哈尔滨,20121011,晴/晴,12,1,3
哈尔滨,20121012,晴/多云,12,3,3
哈尔滨,20121013,阵雨/阵雨,11,1,4
哈尔滨,20121014,多云/晴,10,1,4
哈尔滨,20121015,晴/多云,11,2,4
哈尔滨,20121016,中雨/阵雨,11,2,5
哈尔滨,20121017,雨夹雪/多云,5,0,5
哈尔滨,20121018,晴/晴,7,-2,5
哈尔滨,20121019,晴/晴,9,-1,4
哈尔滨,20121020,晴/晴,6,-3,4
哈尔滨,20121021,晴/雨夹雪,6,-2,4
哈尔滨,20121022,多云/多云,6,-2,5
哈尔滨,20121023,晴/晴,8,-1,4
哈尔滨,20121024,多云/多云,9,1,4
哈尔滨,20121025,晴/晴,12,1,4
哈尔滨,20121026,晴/晴,16,9,4
哈尔滨,20121027,小雨/阵雨,15,2,5
哈尔滨,20121028,多云/晴,6,-6,5
哈尔滨,20121029,晴/多云,3,-7,4
哈尔滨,20121030,晴/晴,2,-6,4
哈尔滨,20121031,阵雪/多云,2,-6,3
哈尔滨,20121101,晴/晴,1,-9,4
哈尔滨,20121102,晴/晴,3,-8,4
哈尔滨,20121103,晴/多云,4,-5,4
哈尔滨,20121104,多云/多云,6,0,4
哈尔滨,20121105,多云/多云,5,-1,4
哈尔滨,20121106,晴/晴,5,-3,4
哈尔滨,20121107,晴/多云,5,-2,4
哈尔滨,20121108,多云/多云,6,-4,4
哈尔滨,20121109,晴/晴,6,-5,4
哈尔滨,20121110,多云/多云,7,0,4
哈尔滨,20121111,小雨/中雨,3,1,6
哈尔滨,20121112,大雪/小雪,2,-2,5
哈尔滨,20121113,阵雪/阵雪,2,-5,4
哈尔滨,20121114,阵雪/晴,2,-5,4
哈尔滨,20121115,晴/晴,2,-4,4
哈尔滨,20121116,多云/晴,0,-8,4
哈尔滨,20121117,晴/晴,-3,-11,4
哈尔滨,20121118,晴/阵雪,-4,-11,4
哈尔滨,20121119,多云/晴,-5,-12,4
哈尔滨,20121120,晴/晴,-4,-11,4
哈尔滨,20121121,多云/多云,-4,-11,4
哈尔滨,20121122,多云/晴,-7,-15,4
哈尔滨,20121123,晴/晴,-6,-15,4
哈尔滨,20121124,晴/多云,-6,-12,4
哈尔滨,20121125,多云/阵雪,-3,-14,4
哈尔滨,20121126,多云/晴,-8,-16,4
哈尔滨,20121127,多云/大雪,-5,-9,5
哈尔滨,20121128,小雪/多云,2,-19,4
哈尔滨,20121129,晴/晴,-13,-21,4
哈尔滨,20121130,晴/晴,-12,-24,4
哈尔滨,20121201,晴/阵雪,-12,-17,4
哈尔滨,20121202,小雪/阵雪,-7,-14,4
哈尔滨,20121203,中雪/小雪,-6,-18,5
哈尔滨,20121204,多云/晴,-17,-24,5
哈尔滨,20121205,晴/晴,-16,-25,4
哈尔滨,20121206,晴/晴,-17,-29,4
哈尔滨,20121207,晴/多云,-19,-28,4
哈尔滨,20121208,阵雪/小雪,-15,-22,4
哈尔滨,20121209,阵雪/晴,-14,-24,4
哈尔滨,20121210,晴/阵雪,-15,-19,4
哈尔滨,20121211,晴/晴,-10,-20,3
哈尔滨,20121212,晴/多云,-12,-18,4
哈尔滨,20121213,阵雪/晴,-8,-18,4
哈尔滨,20121214,晴/多云,-10,-18,4
哈尔滨,20121215,小雪/多云,-13,-22,5
哈尔滨,20121216,晴/晴,-15,-24,4
哈尔滨,20121217,多云/晴,-18,-28,4
哈尔滨,20121218,晴/晴,-19,-27,4
哈尔滨,20121219,晴/晴,-16,-26,3
哈尔滨,20121220,晴/阵雪,-14,-22,3
哈尔滨,20121221,阵雪/多云,-13,-25,5
哈尔滨,20121222,晴/晴,-20,-30,4
哈尔滨,20121223,晴/多云,-21,-29,4
哈尔滨,20121224,多云/阵雪,-19,-28,4
哈尔滨,20121225,多云/晴,-20,-32,5
哈尔滨,20121226,晴/晴,-20,-28,4
哈尔滨,20121227,多云/晴,-17,-23,4
哈尔滨,20121228,多云/小雪,-10,-18,4
哈尔滨,20121229,中雪/阵雪,-12,-23,5
哈尔滨,20121230,阵雪/多云,-20,-27,4
哈尔滨,20121231,晴/多云,-21,-27,3
哈尔滨,20130101,阵雪/阵雪,-21,-28,4
哈尔滨,20130102,多云/晴,-22,-31,4
哈尔滨,20130103,晴/晴,-20,-25,4
哈尔滨,20130104,晴/多云,-14,-20,4
哈尔滨,20130105,多云/晴,-16,-27,3
哈尔滨,20130106,晴/晴,-18,-29,4
哈尔滨,20130107,多云/晴,-21,-31,4
哈尔滨,20130108,晴/晴,-22,-33,4
哈尔滨,20130109,多云/晴,-22,-31,4
哈尔滨,20130110,晴/晴,-18,-30,4
哈尔滨,20130111,多云/多云,-18,-25,4
哈尔滨,20130112,晴/晴,-19,-30,4
哈尔滨,20130113,晴/阵雪,-17,-27,4
哈尔滨,20130114,多云/晴,-18,-30,4
哈尔滨,20130115,晴/雾,-18,-31,4
哈尔滨,20130116,雾/雾,-20,-31,4
哈尔滨,20130117,雾/晴,-17,-25,4
哈尔滨,20130118,晴/晴,-14,-21,4
哈尔滨,20130119,晴/晴,-12,-26,4
哈尔滨,20130120,晴/阵雪,-9,-16,3
哈尔滨,20130121,阵雪/雾,-12,-25,4
哈尔滨,20130122,雾/多云,-13,-23,3
哈尔滨,20130123,小雪/小雪,-8,-24,4
哈尔滨,20130124,小雪/阵雪,-16,-27,5
哈尔滨,20130125,阵雪/多云,-21,-27,5
哈尔滨,20130126,多云/晴,-17,-28,4
哈尔滨,20130127,晴/多云,-17,-23,4
哈尔滨,20130128,多云/多云,-12,-18,4
哈尔滨,20130129,晴/晴,-7,-17,4
哈尔滨,20130130,雾/阵雪,-5,-11,4
哈尔滨,20130131,雨夹雪/大雪,1,-9,4
哈尔滨,20130201,阵雪/晴,0,-21,5
哈尔滨,20130202,晴/晴,-15,-24,4
哈尔滨,20130203,多云/多云,-12,-20,4
哈尔滨,20130204,多云/晴,-14,-23,4
哈尔滨,20130205,晴/阵雪,-9,-18,4
哈尔滨,20130206,阵雪/阵雪,-14,-26,4
哈尔滨,20130207,多云/晴,-19,-29,5
哈尔滨,20130208,晴/晴,-17,-26,4
哈尔滨,20130209,晴/阵雪,-15,-25,4
哈尔滨,20130210,多云/晴,-16,-26,4
哈尔滨,20130211,晴/晴,-13,-23,4
哈尔滨,20130212,晴/阵雪,-8,-16,4
哈尔滨,20130213,阵雪/多云,-6,-19,4
哈尔滨,20130214,多云/晴,-11,-23,4
哈尔滨,20130215,晴/晴,-13,-26,4
哈尔滨,20130216,晴/小雪,-11,-15,4
哈尔滨,20130217,中雪/阵雪,-6,-20,4
哈尔滨,20130218,晴/晴,-11,-25,4
哈尔滨,20130219,晴/晴,-13,-27,4
哈尔滨,20130220,晴/晴,-14,-26,4
哈尔滨,20130221,晴/多云,-11,-22,4
哈尔滨,20130222,晴/多云,-12,-20,4
哈尔滨,20130223,阵雪/晴,-11,-23,4
哈尔滨,20130224,晴/晴,-11,-24,4
哈尔滨,20130225,晴/多云,-8,-16,4
哈尔滨,20130226,阵雪/多云,-4,-15,4
哈尔滨,20130227,阵雪/多云,-4,-17,4
哈尔滨,20130228,中雪/大雪,-3,-11,6
哈尔滨,20130301,阵雪/多云,-7,-18,5
哈尔滨,20130302,晴/晴,-9,-21,4
哈尔滨,20130303,晴/晴,-6,-20,4
哈尔滨,20130304,晴/晴,-4,-11,4
哈尔滨,20130305,多云/晴,2,-13,4
哈尔滨,20130306,晴/多云,5,-9,5
哈尔滨,20130307,多云/晴,2,-17,4
哈尔滨,20130308,多云/中雪,-7,-17,4
哈尔滨,20130309,大雪/阵雪,-9,-21,5
哈尔滨,20130310,晴/晴,-9,-19,4
哈尔滨,20130311,晴/多云,2,-8,4
哈尔滨,20130312,晴/晴,-3,-17,4
哈尔滨,20130313,晴/晴,-5,-20,4
哈尔滨,20130314,晴/多云,4,-9,5
哈尔滨,20130315,晴/晴,0,-17,4
哈尔滨,20130316,晴/多云,2,-4,4
哈尔滨,20130317,多云/多云,4,-13,4
哈尔滨,20130318,晴/晴,-4,-17,5
哈尔滨,20130319,晴/晴,-7,-19,4
哈尔滨,20130320,晴/晴,-7,-17,4
哈尔滨,20130321,阵雪/阵雪,-2,-12,4
哈尔滨,20130322,多云/晴,-6,-16,4
哈尔滨,20130323,晴/晴,-4,-15,4
哈尔滨,20130324,晴/晴,-4,-15,4
哈尔滨,20130325,晴/晴,0,-11,4
哈尔滨,20130326,多云/雨夹雪,5,-4,5
哈尔滨,20130327,阵雪/阵雪,1,-8,4
哈尔滨,20130328,多云/多云,1,-7,4
哈尔滨,20130329,晴/晴,1,-10,4
哈尔滨,20130330,晴/晴,2,-6,4
哈尔滨,20130331,多云/晴,3,-7,4
哈尔滨,20130401,多云/晴,5,-2,4
哈尔滨,20130402,晴/多云,11,0,6
哈尔滨,20130403,多云/晴,6,-4,5
哈尔滨,20130404,晴/多云,5,-2,4
哈尔滨,20130405,雨夹雪/多云,2,-6,4
哈尔滨,20130406,晴/晴,3,-5,4
哈尔滨,20130407,晴/晴,5,-3,4
哈尔滨,20130408,多云/多云,5,-3,4
哈尔滨,20130409,雨夹雪/阵雪,3,-2,5
哈尔滨,20130410,阵雪/阵雪,3,-2,5
哈尔滨,20130411,阵雪/晴,4,-2,4
哈尔滨,20130412,晴/阵雪,10,2,5
哈尔滨,20130413,多云/阵雪,7,-3,5
哈尔滨,20130414,阵雪/多云,4,-4,5
哈尔滨,20130415,多云/晴,4,-3,4
哈尔滨,20130416,晴/晴,7,-3,4
哈尔滨,20130417,晴/雨夹雪,7,-1,4
哈尔滨,20130418,雨夹雪/晴,5,-2,6
哈尔滨,20130419,晴/晴,8,-1,4
哈尔滨,20130420,多云/晴,10,0,4
哈尔滨,20130421,晴/晴,12,1,4
哈尔滨,20130422,晴/阵雨,18,7,4
哈尔滨,20130423,小雨/阵雨,16,5,4
哈尔滨,20130424,阵雨/阵雨,13,4,4
哈尔滨,20130425,阵雨/多云,13,3,4
哈尔滨,20130426,晴/晴,14,6,4
哈尔滨,20130427,晴/晴,18,8,4
哈尔滨,20130428,多云/阵雨,23,11,5
哈尔滨,20130429,小雨/阵雨,12,4,5
哈尔滨,20130430,多云/多云,16,4,4
哈尔滨,20130501,晴/多云,14,5,4
哈尔滨,20130502,多云/晴,14,6,4
哈尔滨,20130503,晴/晴,19,9,4
哈尔滨,20130504,晴/多云,24,13,4
哈尔滨,20130505,多云/晴,24,10,4
哈尔滨,20130506,晴/晴,24,10,3
哈尔滨,20130507,晴/晴,30,18,6
哈尔滨,20130508,晴/阵雨,31,17,6
哈尔滨,20130509,雷阵雨/雷阵雨,26,14,5
哈尔滨,20130510,中雨/阵雨,19,8,4
哈尔滨,20130511,阵雨/小到中雨,19,9,4
哈尔滨,20130512,雷阵雨/阵雨,17,7,4
哈尔滨,20130513,阵雨/阵雨,20,11,4
哈尔滨,20130514,小到中雨/阵雨,19,9,4
哈尔滨,20130515,多云/晴,20,10,4
哈尔滨,20130516,晴/多云,25,15,4
哈尔滨,20130517,雷阵雨/雷阵雨,24,16,5
哈尔滨,20130518,晴/晴,28,15,5
哈尔滨,20130519,多云/阵雨,27,12,5
哈尔滨,20130520,小雨/雷阵雨,17,8,4
哈尔滨,20130521,多云/多云,20,9,4
哈尔滨,20130522,晴/晴,23,14,4
哈尔滨,20130523,多云/雷阵雨,29,13,5
哈尔滨,20130524,多云/晴,23,10,4
哈尔滨,20130525,晴/晴,27,18,5
哈尔滨,20130526,多云/多云,31,21,5
哈尔滨,20130527,多云/雷阵雨,27,20,5
哈尔滨,20130528,多云/中雨,27,16,4
哈尔滨,20130529,多云/多云,22,13,4
哈尔滨,20130530,晴/晴,25,18,4
哈尔滨,20130531,晴/多云,33,20,6
哈尔滨,20130601,多云/晴,24,12,4
哈尔滨,20130602,晴/雷阵雨,24,11,4
哈尔滨,20130603,中雨/雷阵雨,21,12,4
哈尔滨,20130604,雷阵雨/多云,21,12,4
哈尔滨,20130605,多云/多云,26,15,4
哈尔滨,20130606,晴/多云,28,20,4
哈尔滨,20130607,雷阵雨/阴,26,19,4
哈尔滨,20130608,雷阵雨/多云,30,22,5
哈尔滨,20130609,多云/多云,29,15,4
哈尔滨,20130610,晴/晴,25,16,4
哈尔滨,20130611,阵雨/小雨,25,15,4
哈尔滨,20130612,中雨/多云,20,15,4
哈尔滨,20130613,晴/晴,28,20,4
哈尔滨,20130614,晴/晴,32,22,4
哈尔滨,20130615,多云/雷阵雨,28,20,5
哈尔滨,20130616,多云/多云,27,19,4
哈尔滨,20130617,晴/多云,27,18,4
哈尔滨,20130618,多云/晴,27,18,4
哈尔滨,20130619,多云/雷阵雨,28,15,4
哈尔滨,20130620,雷阵雨/多云,25,16,4
哈尔滨,20130621,雷阵雨/多云,27,17,4
哈尔滨,20130622,晴/晴,29,18,4
哈尔滨,20130623,晴/晴,31,19,4
哈尔滨,20130624,晴/多云,32,19,4
哈尔滨,20130625,多云/雷阵雨,31,20,4
哈尔滨,20130626,多云/雷阵雨,29,20,4
哈尔滨,20130627,雷阵雨/雷阵雨,26,18,4
哈尔滨,20130628,大雨/小雨,21,16,4
哈尔滨,20130629,中到大雨/大雨,25,19,4
哈尔滨,20130630,中雨/中雨,25,20,4
哈尔滨,20130701,中雨/中雨,24,19,4
哈尔滨,20130702,大雨/大到暴雨,23,19,4
哈尔滨,20130703,中雨/小到中雨,21,18,5
哈尔滨,20130704,雷阵雨/雷阵雨,23,19,4
哈尔滨,20130705,多云/晴,27,17,4
哈尔滨,20130706,晴/晴,31,22,4
哈尔滨,20130707,多云/中雨,32,21,5
哈尔滨,20130708,中到大雨/多云,25,18,4
哈尔滨,20130709,多云/多云,26,18,3
哈尔滨,20130710,晴/晴,28,18,3
哈尔滨,20130711,晴/多云,30,20,4
哈尔滨,20130712,晴/晴,28,17,4
哈尔滨,20130713,多云/多云,29,19,4
哈尔滨,20130714,晴/多云,30,20,4
哈尔滨,20130715,晴/大雨,30,22,5
哈尔滨,20130716,雷阵雨/多云,25,18,6
哈尔滨,20130717,晴/晴,30,20,4
哈尔滨,20130718,晴/多云,31,22,4
哈尔滨,20130719,中到大雨/中雨,26,20,6
哈尔滨,20130720,多云/晴,25,18,4
哈尔滨,20130721,晴/晴,29,19,4
哈尔滨,20130722,晴/晴,31,22,4
哈尔滨,20130723,晴/小雨,31,22,4
哈尔滨,20130724,中到大雨/阵雨,25,19,4
哈尔滨,20130725,雷阵雨/雷阵雨,23,19,4
哈尔滨,20130726,晴/多云,27,20,4
哈尔滨,20130727,晴/多云,28,21,4
哈尔滨,20130728,中雨/阵雨,25,18,5
哈尔滨,20130729,多云/晴,30,21,4
哈尔滨,20130730,晴/多云,31,22,4
哈尔滨,20130731,晴/多云,32,23,4
哈尔滨,20130801,多云/多云,32,22,4
哈尔滨,20130802,中雨/雷阵雨,28,23,4
哈尔滨,20130803,雷阵雨/雷阵雨,29,23,4
哈尔滨,20130804,雷阵雨/雷阵雨,29,22,4
哈尔滨,20130805,多云/多云,29,22,4
哈尔滨,20130806,中雨/雷阵雨,28,22,4
哈尔滨,20130807,雷阵雨/多云,30,21,4
哈尔滨,20130808,多云/雷阵雨,29,20,4
哈尔滨,20130809,雷阵雨/多云,29,21,4
哈尔滨,20130810,多云/小雨,30,22,4
哈尔滨,20130811,中雨/中雨,28,23,4
哈尔滨,20130812,中雨/中雨,27,23,4
哈尔滨,20130813,多云/多云,30,24,4
哈尔滨,20130814,雷阵雨/雷阵雨,29,22,4
哈尔滨,20130815,雷阵雨/多云,28,21,4
哈尔滨,20130816,大雨/雷阵雨,24,18,4
哈尔滨,20130817,雷阵雨/雷阵雨,25,18,4
哈尔滨,20130818,多云/多云,24,17,4
哈尔滨,20130819,多云/多云,25,17,4
哈尔滨,20130820,晴/晴,26,17,4
哈尔滨,20130821,小雨/中雨,26,19,4
哈尔滨,20130822,阵雨/雷阵雨,25,18,4
哈尔滨,20130823,多云/多云,24,17,4
哈尔滨,20130824,多云/多云,26,17,4
哈尔滨,20130825,多云/多云,26,15,4
哈尔滨,20130826,晴/晴,25,14,3
哈尔滨,20130827,晴/多云,23,14,3
哈尔滨,20130828,小到中雨/小雨,21,13,5
哈尔滨,20130829,阵雨/晴,18,11,5
哈尔滨,20130830,雷阵雨/阵雨,21,10,4
哈尔滨,20130831,雷阵雨/多云,18,10,4
哈尔滨,20130901,雷阵雨/多云,19,11,4
哈尔滨,20130902,雷阵雨/阵雨,19,12,4
哈尔滨,20130903,多云/晴,22,11,4
哈尔滨,20130904,晴/晴,23,12,4
哈尔滨,20130905,晴/多云,25,14,4
哈尔滨,20130906,雷阵雨/中雨,24,15,4
哈尔滨,20130907,雷阵雨/多云,21,12,4
哈尔滨,20130908,晴/晴,24,13,4
哈尔滨,20130909,晴/阵雨,27,15,5
哈尔滨,20130910,中雨/多云,22,9,4
哈尔滨,20130911,晴/晴,24,14,4
哈尔滨,20130912,晴/晴,27,18,5
哈尔滨,20130913,雷阵雨/中雨,25,18,5
哈尔滨,20130914,阵雨/多云,22,7,5
哈尔滨,20130915,晴/晴,18,7,4
哈尔滨,20130916,多云/晴,21,7,5
哈尔滨,20130917,晴/晴,20,6,4
哈尔滨,20130918,晴/多云,22,12,4
哈尔滨,20130919,中雨/多云,21,12,5
哈尔滨,20130920,晴/晴,18,8,4
哈尔滨,20130921,晴/晴,20,10,4
哈尔滨,20130922,晴/阵雨,25,16,5
哈尔滨,20130923,阵雨/多云,21,3,5
哈尔滨,20130924,晴/晴,16,3,4
哈尔滨,20130925,晴/晴,16,3,4
哈尔滨,20130926,晴/晴,19,8,5
哈尔滨,20130927,晴/晴,24,11,5
哈尔滨,20130928,多云/阵雨,21,9,4
哈尔滨,20130929,多云/多云,18,6,4
哈尔滨,20130930,晴/晴,21,10,4
哈尔滨,20131001,小到中雨/阵雨,15,4,4
哈尔滨,20131002,多云/晴,11,0,5
哈尔滨,20131003,晴/晴,8,-2,4
哈尔滨,20131004,晴/多云,18,6,4
哈尔滨,20131005,晴/晴,16,6,4
哈尔滨,20131006,晴/多云,23,13,5
哈尔滨,20131007,阵雨/晴,18,1,5
哈尔滨,20131008,晴/晴,15,6,4
哈尔滨,20131009,多云/多云,20,10,4
哈尔滨,20131010,小雨/中雨,19,6,5
哈尔滨,20131011,阵雨/多云,9,0,5
哈尔滨,20131012,晴/晴,13,3,4
哈尔滨,20131013,晴/阵雨,15,4,4
哈尔滨,20131014,多云/晴,9,-4,4
哈尔滨,20131015,晴/晴,6,-4,4
哈尔滨,20131016,晴/晴,9,-2,4
哈尔滨,20131017,晴/晴,11,2,4
哈尔滨,20131018,晴/多云,16,6,4
哈尔滨,20131019,阵雨/阵雨,16,8,4
哈尔滨,20131020,多云/多云,15,5,4
哈尔滨,20131021,雾/晴,15,4,4
哈尔滨,20131022,雾/雾,10,4,4
哈尔滨,20131023,小雨/小到中雨,15,6,4
哈尔滨,20131024,小到中雨/雨夹雪,8,2,4
哈尔滨,20131025,雨夹雪/多云,6,-2,5
哈尔滨,20131026,晴/晴,10,0,4
哈尔滨,20131027,晴/多云,11,5,4
哈尔滨,20131028,多云/多云,10,-3,4
哈尔滨,20131029,晴/晴,6,-4,4
哈尔滨,20131030,晴/晴,7,-1,4
哈尔滨,20131031,晴/晴,9,-1,4
哈尔滨,20131101,晴/晴,10,2,4
哈尔滨,20131102,阵雨/多云,11,1,4
哈尔滨,20131103,晴/雾,10,0,4
哈尔滨,20131104,晴/晴,11,2,4
哈尔滨,20131105,晴/多云,12,7,4
哈尔滨,20131106,多云/阵雪,12,-4,5
哈尔滨,20131107,多云/晴,0,-9,4
哈尔滨,20131108,晴/雨夹雪,2,-2,4
哈尔滨,20131109,多云/晴,6,-9,5
哈尔滨,20131110,阵雪/多云,-4,-12,4
哈尔滨,20131111,晴/多云,-3,-11,4
哈尔滨,20131112,晴/晴,0,-8,4
哈尔滨,20131113,晴/多云,5,0,4
哈尔滨,20131114,阵雪/多云,6,-4,4
哈尔滨,20131115,晴/多云,3,-3,4
哈尔滨,20131116,小雪/中到大雪,2,-3,4
哈尔滨,20131117,大到暴雪/大到暴雪,-1,-6,5
哈尔滨,20131118,大雪/中雪,-2,-7,5
哈尔滨,20131119,小雪/阵雪,-3,-7,5
哈尔滨,20131120,阵雪/多云,-1,-8,4
哈尔滨,20131121,晴/晴,-1,-10,4
哈尔滨,20131122,晴/晴,1,-8,4
哈尔滨,20131123,雾/雾,-1,-12,4
哈尔滨,20131124,晴/多云,-6,-12,4
哈尔滨,20131125,中雪/阵雪,-4,-10,5
哈尔滨,20131126,晴/晴,-6,-12,5
哈尔滨,20131127,阵雪/阵雪,-9,-14,5
哈尔滨,20131128,晴/晴,-6,-14,4
哈尔滨,20131129,晴/阴,-5,-11,4
哈尔滨,20131130,晴/晴,-3,-10,4
哈尔滨,20131201,晴/晴,-1,-8,4
哈尔滨,20131202,晴/多云,0,-8,4
哈尔滨,20131203,雾/雾,-4,-9,4
哈尔滨,20131204,阴/晴,0,-11,3
哈尔滨,20131205,多云/晴,-3,-14,3
哈尔滨,20131206,晴/晴,-5,-18,4
哈尔滨,20131207,晴/晴,-7,-16,3
哈尔滨,20131208,多云/小雪,-6,-12,4
哈尔滨,20131209,晴/晴,-7,-18,4
哈尔滨,20131210,多云/阵雪,-9,-22,4
哈尔滨,20131211,晴/晴,-11,-24,4
哈尔滨,20131212,多云/晴,-15,-24,4
哈尔滨,20131213,晴/小雪,-15,-22,4
哈尔滨,20131214,多云/阵雪,-12,-20,4
哈尔滨,20131215,多云/晴,-11,-21,4
哈尔滨,20131216,多云/多云,-12,-20,4
哈尔滨,20131217,阵雪/阵雪,-12,-20,4
哈尔滨,20131218,多云/阵雪,-12,-22,4
哈尔滨,20131219,阵雪/阵雪,-12,-18,4
哈尔滨,20131220,晴/晴,-11,-22,4
哈尔滨,20131221,晴/晴,-15,-23,3
哈尔滨,20131222,晴/晴,-12,-23,3
哈尔滨,20131223,晴/晴,-11,-23,3
哈尔滨,20131224,多云/多云,-14,-20,4
哈尔滨,20131225,多云/阵雪,-11,-20,4
哈尔滨,20131226,多云/晴,-13,-25,4
哈尔滨,20131227,晴/晴,-14,-23,4
哈尔滨,20131228,晴/晴,-13,-23,4
哈尔滨,20131229,晴/晴,-9,-19,4
哈尔滨,20131230,晴/晴,-8,-14,4
哈尔滨,20131231,阵雪/小雪,-4,-18,4
哈尔滨,20140101,多云/多云,-12,-22,4
哈尔滨,20140102,阵雪/阵雪,-12,-23,4
哈尔滨,20140103,晴/晴,-15,-27,4
哈尔滨,20140104,晴/晴,-16,-28,4
哈尔滨,20140105,晴/晴,-16,-29,4
哈尔滨,20140106,晴/阵雪,-9,-19,4
哈尔滨,20140107,多云/多云,-10,-24,4
哈尔滨,20140108,多云/晴,-16,-26,4
哈尔滨,20140109,晴/晴,-15,-27,4
哈尔滨,20140110,晴/晴,-13,-24,4
哈尔滨,20140111,多云/多云,-14,-30,4
哈尔滨,20140112,晴/晴,-20,-32,4
哈尔滨,20140113,晴/晴,-20,-31,4
哈尔滨,20140114,多云/阵雪,-17,-24,4
哈尔滨,20140115,多云/晴,-11,-28,4
哈尔滨,20140116,晴/晴,-15,-33,4
哈尔滨,20140117,多云/阵雪,-20,-25,4
哈尔滨,20140118,晴/晴,-17,-30,4
哈尔滨,20140119,多云/多云,-15,-22,4
哈尔滨,20140120,多云/晴,-11,-25,4
哈尔滨,20140121,晴/晴,-12,-20,4
哈尔滨,20140122,晴/晴,-9,-14,4
哈尔滨,20140123,阵雪/阵雪,-14,-24,4
哈尔滨,20140124,阵雪/晴,-8,-22,3
哈尔滨,20140125,多云/晴,-12,-23,4
哈尔滨,20140126,晴/多云,-10,-15,5
哈尔滨,20140127,阵雪/多云,-4,-22,5
哈尔滨,20140128,晴/多云,-14,-21,4
哈尔滨,20140129,中雪/中雪,-7,-17,4
哈尔滨,20140130,晴/晴,-14,-24,4
哈尔滨,20140131,晴/晴,-11,-24,4
哈尔滨,20140201,晴/阵雪,-4,-14,4
哈尔滨,20140202,阵雪/多云,-5,-23,4
哈尔滨,20140203,晴/晴,-15,-29,4
哈尔滨,20140204,晴/晴,-17,-30,4
哈尔滨,20140205,晴/晴,-14,-27,4
哈尔滨,20140206,晴/晴,-12,-30,4
哈尔滨,20140207,晴/多云,-12,-19,4
哈尔滨,20140208,多云/多云,-11,-26,5
哈尔滨,20140209,晴/晴,-15,-28,4
哈尔滨,20140210,晴/晴,-13,-26,4
哈尔滨,20140211,多云/多云,-11,-26,4
哈尔滨,20140212,多云/晴,-11,-27,3
哈尔滨,20140213,晴/晴,-12,-24,4
哈尔滨,20140214,阵雪/阵雪,-4,-17,4
哈尔滨,20140215,多云/多云,-11,-24,4
哈尔滨,20140216,多云/晴,-11,-26,4
哈尔滨,20140217,晴/多云,-10,-25,3
哈尔滨,20140218,晴/多云,-10,-27,3
哈尔滨,20140219,晴/晴,-10,-27,4
哈尔滨,20140220,晴/晴,-10,-25,4
哈尔滨,20140221,晴/晴,-5,-19,3
哈尔滨,20140222,晴/晴,-7,-19,4
哈尔滨,20140223,晴/晴,-5,-17,4
哈尔滨,20140224,多云/晴,-1,-15,4
哈尔滨,20140225,晴/晴,3,-5,4
哈尔滨,20140226,多云/雨夹雪,8,-9,5
哈尔滨,20140227,多云/晴,0,-17,5
哈尔滨,20140228,晴/晴,-3,-17,3
哈尔滨,20140301,晴/晴,-4,-17,3
哈尔滨,20140302,晴/晴,-6,-14,3
哈尔滨,20140303,晴/晴,-4,-15,4
哈尔滨,20140304,多云/晴,-5,-16,4
哈尔滨,20140305,晴/晴,-6,-18,4
哈尔滨,20140306,晴/晴,-6,-17,4
哈尔滨,20140307,晴/晴,-5,-16,3
哈尔滨,20140308,晴/晴,-4,-14,4
哈尔滨,20140309,晴/晴,-2,-12,4
哈尔滨,20140310,晴/晴,1,-10,4
哈尔滨,20140311,雨夹雪/雨夹雪,2,-6,4
哈尔滨,20140312,多云/多云,2,-10,4
哈尔滨,20140313,晴/晴,2,-10,3
哈尔滨,20140314,晴/晴,5,-3,5
哈尔滨,20140315,晴/多云,6,-4,3
哈尔滨,20140316,晴/多云,6,-2,3
哈尔滨,20140317,雨夹雪/多云,5,-4,4
哈尔滨,20140318,晴/晴,7,-5,4
哈尔滨,20140319,雨夹雪/阵雪,7,-5,4
哈尔滨,20140320,多云/多云,6,-6,4
哈尔滨,20140321,晴/多云,9,-2,4
哈尔滨,20140322,晴/晴,12,0,3
哈尔滨,20140323,晴/晴,14,2,3
哈尔滨,20140324,多云/多云,15,0,5
哈尔滨,20140325,晴/晴,15,1,4
哈尔滨,20140326,晴/多云,17,0,4
哈尔滨,20140327,晴/阵雨,17,8,5
哈尔滨,20140328,阵雨/晴,10,1,4
哈尔滨,20140329,晴/晴,14,-1,4
哈尔滨,20140330,晴/晴,14,-3,5
哈尔滨,20140331,晴/晴,13,-1,3
哈尔滨,20140401,多云/阵雨,13,0,3
哈尔滨,20140402,晴/晴,8,-3,5
哈尔滨,20140403,多云/阵雪,6,-2,4
哈尔滨,20140404,多云/晴,6,-3,5
哈尔滨,20140405,晴/晴,7,-3,5
哈尔滨,20140406,晴/多云,13,0,5
哈尔滨,20140407,晴/晴,15,1,4
哈尔滨,20140408,晴/多云,20,4,4
哈尔滨,20140409,多云/晴,9,-2,5
哈尔滨,20140410,晴/晴,14,-1,4
哈尔滨,20140411,多云/晴,18,2,4
哈尔滨,20140412,晴/晴,21,3,4
哈尔滨,20140413,晴/晴,23,6,3
哈尔滨,20140414,晴/晴,25,6,5
哈尔滨,20140415,晴/晴,12,2,4
哈尔滨,20140416,多云/晴,12,-1,4
哈尔滨,20140417,多云/晴,12,0,4
哈尔滨,20140418,多云/晴,14,-1,4
哈尔滨,20140419,晴/阵雨,16,7,4
哈尔滨,20140420,阵雨/多云,14,4,4
哈尔滨,20140421,多云/晴,16,4,4
哈尔滨,20140422,晴/晴,21,7,3
哈尔滨,20140423,晴/晴,24,11,3
哈尔滨,20140424,多云/多云,26,14,5
哈尔滨,20140425,晴/多云,27,11,6
哈尔滨,20140426,阵雨/多云,18,6,5
哈尔滨,20140427,晴/晴,18,4,4
哈尔滨,20140428,多云/晴,22,7,4
哈尔滨,20140429,晴/晴,24,10,5
哈尔滨,20140430,晴/晴,28,12,5
哈尔滨,20140501,晴/多云,28,10,5
哈尔滨,20140502,小雨/雨夹雪,12,1,6
哈尔滨,20140503,多云/多云,13,3,4
哈尔滨,20140504,阵雨/中雨,8,2,5
哈尔滨,20140505,阵雨/阵雨,7,3,5
哈尔滨,20140506,小雨/阵雨,12,4,4
哈尔滨,20140507,多云/多云,18,5,3
哈尔滨,20140508,多云/晴,17,4,3
哈尔滨,20140509,晴/晴,22,9,3
哈尔滨,20140510,多云/多云,19,14,4
哈尔滨,20140511,小雨/中雨,24,10,4
哈尔滨,20140512,中雨/小雨,12,8,4
哈尔滨,20140513,阵雨/多云,16,8,4
哈尔滨,20140514,阵雨/阵雨,16,10,3
哈尔滨,20140515,阵雨/阵雨,15,8,3
哈尔滨,20140516,阵雨/多云,15,9,3
哈尔滨,20140517,多云/多云,19,9,3
哈尔滨,20140518,阵雨/阵雨,20,10,3
哈尔滨,20140519,阵雨/中雨,20,13,3
哈尔滨,20140520,阵雨/阵雨,18,11,3
哈尔滨,20140521,雷阵雨/多云,20,11,4
哈尔滨,20140522,晴/多云,24,15,4
哈尔滨,20140523,阵雨/多云,25,15,5
哈尔滨,20140524,多云/阵雨,24,16,3
哈尔滨,20140525,中雨/阵雨,18,13,4
哈尔滨,20140526,雷阵雨/雷阵雨,19,12,3
哈尔滨,20140527,多云/阵雨,21,12,3
哈尔滨,20140528,阵雨/多云,25,12,3
哈尔滨,20140529,多云/晴,22,10,3
哈尔滨,20140530,晴/晴,29,19,4
哈尔滨,20140531,晴/晴,34,23,4
哈尔滨,20140601,晴/晴,37,21,4
哈尔滨,20140602,晴/多云,33,20,3
哈尔滨,20140603,多云/多云,32,19,3
哈尔滨,20140604,晴/晴,32,21,3
哈尔滨,20140605,雷阵雨/阵雨,28,18,4
哈尔滨,20140606,阵雨/多云,26,17,4
哈尔滨,20140607,阵雨/阵雨,22,18,4
哈尔滨,20140608,雷阵雨/阵雨,24,16,4
哈尔滨,20140609,雷阵雨/雷阵雨,23,16,3
哈尔滨,20140610,雷阵雨/多云,25,17,3
哈尔滨,20140611,雷阵雨/多云,25,17,4
哈尔滨,20140612,晴/多云,27,15,4
哈尔滨,20140613,晴/晴,27,16,4
哈尔滨,20140614,晴/晴,30,17,4
哈尔滨,20140615,多云/晴,27,16,4
哈尔滨,20140616,多云/晴,27,15,3
哈尔滨,20140617,晴/多云,26,15,4
哈尔滨,20140618,雷阵雨/多云,24,14,3
哈尔滨,20140619,晴/晴,26,15,3
哈尔滨,20140620,晴/晴,27,16,3
哈尔滨,20140621,晴/晴,28,21,3
哈尔滨,20140622,多云/多云,31,19,4
哈尔滨,20140623,雷阵雨/多云,32,19,3
哈尔滨,20140624,多云/多云,32,21,3
哈尔滨,20140625,多云/雷阵雨,31,22,4
哈尔滨,20140626,雷阵雨/雷阵雨,25,20,4
哈尔滨,20140627,雷阵雨/雷阵雨,24,18,3
哈尔滨,20140628,阵雨/多云,28,18,3
哈尔滨,20140629,晴/晴,32,20,3
哈尔滨,20140630,多云/晴,33,20,3
哈尔滨,20140701,晴/晴,33,21,3
哈尔滨,20140702,晴/晴,32,21,4
哈尔滨,20140703,多云/雷阵雨,31,21,3
哈尔滨,20140704,多云/多云,30,20,4
哈尔滨,20140705,多云/多云,32,22,4
哈尔滨,20140706,中雨/多云,26,18,4
哈尔滨,20140707,晴/中雨,31,21,4
哈尔滨,20140708,雷阵雨/阵雨,27,20,4
哈尔滨,20140709,多云/多云,26,18,5
哈尔滨,20140710,雷阵雨/阵雨,23,18,4
哈尔滨,20140711,雷阵雨/阵雨,23,17,4
哈尔滨,20140712,雷阵雨/阵雨,23,18,4
哈尔滨,20140713,雷阵雨/多云,26,16,4
哈尔滨,20140714,晴/多云,27,17,4
哈尔滨,20140715,阵雨/中雨,28,19,3
哈尔滨,20140716,中雨/中雨,25,18,3
哈尔滨,20140717,雷阵雨/雷阵雨,25,19,4
哈尔滨,20140718,雷阵雨/多云,28,19,4
哈尔滨,20140719,多云/雷阵雨,31,22,4
哈尔滨,20140720,雷阵雨/中到大雨,30,24,5
哈尔滨,20140721,雷阵雨/晴,26,18,3
哈尔滨,20140722,多云/多云,28,18,4
哈尔滨,20140723,雷阵雨/多云,26,18,4
哈尔滨,20140724,多云/多云,26,15,3
哈尔滨,20140725,晴/多云,27,17,3
哈尔滨,20140726,霾/晴,27,17,3
哈尔滨,20140727,晴/晴,29,19,4
哈尔滨,20140728,晴/晴,32,22,4
哈尔滨,20140729,雷阵雨/阵雨,29,22,3
哈尔滨,20140730,多云/多云,28,21,4
哈尔滨,20140731,多云/多云,30,22,4
哈尔滨,20140801,多云/多云,31,22,4
哈尔滨,20140802,中雨/多云,27,15,4
哈尔滨,20140803,多云/晴,27,18,4
哈尔滨,20140804,多云/多云,27,18,3
哈尔滨,20140805,多云/多云,27,17,3
哈尔滨,20140806,多云/多云,25,15,4
哈尔滨,20140807,晴/晴,26,14,3
哈尔滨,20140808,晴/晴,29,16,4
哈尔滨,20140809,晴/晴,30,18,4
哈尔滨,20140810,晴/晴,27,17,4
哈尔滨,20140811,多云/多云,27,17,3
哈尔滨,20140812,阵雨/多云,26,15,3
哈尔滨,20140813,多云/多云,28,16,3
哈尔滨,20140814,多云/多云,27,16,3
哈尔滨,20140815,雷阵雨/雷阵雨,25,16,3
哈尔滨,20140816,雷阵雨/多云,25,17,4
哈尔滨,20140817,雷阵雨/多云,27,16,3
哈尔滨,20140818,多云/晴,27,16,3
哈尔滨,20140819,晴/多云,28,18,3
哈尔滨,20140820,阵雨/阵雨,29,18,3
哈尔滨,20140821,雷阵雨/多云,29,17,3
哈尔滨,20140822,多云/多云,28,18,3
哈尔滨,20140823,多云/多云,26,18,4
哈尔滨,20140824,雷阵雨/雷阵雨,27,18,3
哈尔滨,20140825,中雨/中雨,26,18,3
哈尔滨,20140826,小到中雨/多云,23,17,4
哈尔滨,20140827,雷阵雨/多云,24,15,3
哈尔滨,20140828,晴/多云,27,17,3
哈尔滨,20140829,雷阵雨/多云,29,18,4
哈尔滨,20140830,多云/多云,27,17,4
哈尔滨,20140831,多云/晴,27,17,4
哈尔滨,20140901,多云/多云,27,17,3
哈尔滨,20140902,多云/雷阵雨,27,16,3
哈尔滨,20140903,阵雨/阵雨,20,12,3
哈尔滨,20140904,阵雨/阵雨,21,13,3
哈尔滨,20140905,阵雨/多云,24,14,3
哈尔滨,20140906,晴/晴,27,16,3
哈尔滨,20140907,晴/阵雨,27,16,3
哈尔滨,20140908,雷阵雨/多云,21,12,4
哈尔滨,20140909,多云/晴,20,11,4
哈尔滨,20140910,多云/晴,20,11,3
哈尔滨,20140911,多云/晴,22,9,3
哈尔滨,20140912,晴/晴,24,10,3
哈尔滨,20140913,晴/晴,26,15,5
哈尔滨,20140914,雷阵雨/晴,20,8,5
哈尔滨,20140915,多云/晴,19,6,3
哈尔滨,20140916,晴/晴,20,5,3
哈尔滨,20140917,晴/多云,23,8,3
哈尔滨,20140918,晴/晴,23,8,3
哈尔滨,20140919,晴/晴,24,10,3
哈尔滨,20140920,晴/多云,24,10,3
哈尔滨,20140921,晴/晴,24,10,3
哈尔滨,20140922,多云/阵雨,24,13,3
哈尔滨,20140923,阵雨/多云,18,8,4
哈尔滨,20140924,晴/晴,19,5,3
哈尔滨,20140925,晴/晴,20,4,3
哈尔滨,20140926,多云/小雨,22,10,4
哈尔滨,20140927,多云/晴,17,7,4
哈尔滨,20140928,晴/阵雨,22,4,4
哈尔滨,20140929,多云/晴,10,-2,5
哈尔滨,20140930,晴/晴,14,1,3
哈尔滨,20141001,多云/晴,14,3,3
哈尔滨,20141002,晴/晴,15,2,4
哈尔滨,20141003,多云/晴,14,2,4
哈尔滨,20141004,多云/晴,14,1,4
哈尔滨,20141005,晴/晴,14,0,3
哈尔滨,20141006,晴/晴,15,4,3
哈尔滨,20141007,多云/晴,15,2,3
哈尔滨,20141008,阵雨/阵雨,16,7,4
哈尔滨,20141009,阵雨/晴,11,2,4
哈尔滨,20141010,晴/多云,15,4,4
哈尔滨,20141011,阵雨/阵雨,20,5,6
哈尔滨,20141012,晴/晴,11,-2,4
哈尔滨,20141013,晴/晴,10,-2,3
哈尔滨,20141014,晴/晴,12,2,3
哈尔滨,20141015,多云/雨夹雪,15,3,5
哈尔滨,20141016,多云/晴,9,-1,5
哈尔滨,20141017,晴/晴,14,3,3
哈尔滨,20141018,霾/霾,19,11,4
哈尔滨,20141019,多云/多云,22,0,6
哈尔滨,20141020,多云/晴,5,-6,4
哈尔滨,20141021,晴/晴,5,-7,4
哈尔滨,20141022,晴/霾,10,1,4
哈尔滨,20141023,霾/霾,14,5,5
哈尔滨,20141024,小雨/多云,14,3,4
哈尔滨,20141025,多云/多云,11,1,4
哈尔滨,20141026,阵雪/多云,4,-5,6
哈尔滨,20141027,晴/晴,3,-7,4
哈尔滨,20141028,霾/霾,6,-3,3
哈尔滨,20141029,霾/霾,10,-2,4
哈尔滨,20141030,阵雨/晴,9,-1,3
哈尔滨,20141031,晴/阵雨,10,1,4
哈尔滨,20141101,多云/多云,8,-1,4
哈尔滨,20141102,多云/晴,5,-5,4
哈尔滨,20141103,晴/晴,5,-6,5
哈尔滨,20141104,晴/多云,10,2,4
哈尔滨,20141105,霾/晴,9,-4,5
哈尔滨,20141106,晴/晴,1,-7,4
哈尔滨,20141107,晴/晴,3,-4,4
哈尔滨,20141108,晴/晴,6,-3,4
哈尔滨,20141109,晴/霾,7,0,4
哈尔滨,20141110,霾/霾,10,0,4
哈尔滨,20141111,霾/多云,7,-9,5
哈尔滨,20141112,多云/多云,1,-11,6
哈尔滨,20141113,晴/晴,-7,-14,5
哈尔滨,20141114,晴/晴,-3,-11,4
哈尔滨,20141115,晴/霾,0,-9,4
哈尔滨,20141116,多云/霾,1,-9,3
哈尔滨,20141117,霾/晴,1,-8,3
哈尔滨,20141118,晴/晴,3,-7,3
哈尔滨,20141119,多云/晴,4,-3,4
哈尔滨,20141120,阵雨/阵雪,7,-4,5
哈尔滨,20141121,多云/晴,1,-7,4
哈尔滨,20141122,晴/晴,0,-9,4
哈尔滨,20141123,多云/多云,3,-8,4
哈尔滨,20141124,晴/晴,1,-14,3
哈尔滨,20141125,晴/晴,1,-5,3
哈尔滨,20141126,晴/多云,8,-9,5
哈尔滨,20141127,晴/晴,-1,-13,3
哈尔滨,20141128,多云/晴,0,-11,3
哈尔滨,20141129,晴/多云,2,-4,4
哈尔滨,20141130,中雪/中雪,0,-15,5
哈尔滨,20141201,阵雪/阵雪,-13,-17,5
哈尔滨,20141202,小雪/小雪,-14,-17,5
哈尔滨,20141203,阵雪/多云,-13,-18,5
哈尔滨,20141204,阵雪/阵雪,-12,-19,4
哈尔滨,20141205,阵雪/阵雪,-12,-19,4
哈尔滨,20141206,晴/晴,-11,-21,4
哈尔滨,20141207,多云/晴,-12,-18,3
哈尔滨,20141208,晴/晴,-11,-20,3
哈尔滨,20141209,晴/小雪,-9,-15,3
哈尔滨,20141210,中到大雪/小雪,-7,-19,4
哈尔滨,20141211,多云/多云,-16,-21,4
哈尔滨,20141212,阵雪/多云,-14,-25,4
哈尔滨,20141213,多云/晴,-16,-25,3
哈尔滨,20141214,晴/晴,-15,-22,3
哈尔滨,20141215,阵雪/多云,-15,-21,微
哈尔滨,20141216,多云/晴,-17,-28,4
哈尔滨,20141217,晴/晴,-21,-30,4
哈尔滨,20141218,多云/阵雪,-15,-19,4
哈尔滨,20141219,阵雪/多云,-7,-24,4
哈尔滨,20141220,晴/晴,-16,-29,4
哈尔滨,20141221,晴/多云,-16,-23,4
哈尔滨,20141222,多云/多云,-15,-22,3
哈尔滨,20141223,阵雪/多云,-9,-24,3
哈尔滨,20141224,晴/多云,-13,-19,4
哈尔滨,20141225,晴/晴,-12,-19,4
哈尔滨,20141226,晴/晴,-8,-16,4
哈尔滨,20141227,晴/多云,-5,-12,3
哈尔滨,20141228,阵雪/多云,-6,-20,3
哈尔滨,20141229,晴/多云,-8,-20,3
哈尔滨,20141230,阵雪/阵雪,-12,-19,3
哈尔滨,20141231,阵雪/多云,-13,-24,3
哈尔滨,20150101,晴/多云,-14,-24,4
哈尔滨,20150102,晴/晴,-14,-22,4
哈尔滨,20150103,晴/多云,-8,-13,4
哈尔滨,20150104,晴/阵雪,-8,-17,3
哈尔滨,20150105,多云/多云,-7,-20,5
哈尔滨,20150106,晴/晴,-14,-23,4
哈尔滨,20150107,晴/晴,-14,-26,3
哈尔滨,20150108,晴/晴,-13,-23,3
哈尔滨,20150109,多云/晴,-11,-22,3
哈尔滨,20150110,晴/晴,-14,-24,4
哈尔滨,20150111,晴/晴,-14,-25,3
哈尔滨,20150112,晴/晴,-11,-19,4
哈尔滨,20150113,晴/多云,-6,-20,4
哈尔滨,20150114,晴/晴,-10,-22,3
哈尔滨,20150115,多云/多云,-11,-22,3
哈尔滨,20150116,晴/多云,-13,-22,3
哈尔滨,20150117,晴/晴,-11,-20,3
哈尔滨,20150118,多云/阵雪,-10,-21,4
哈尔滨,20150119,多云/晴,-11,-22,3
哈尔滨,20150120,晴/多云,-10,-22,3
哈尔滨,20150121,多云/晴,-9,-24,3
哈尔滨,20150122,晴/晴,-9,-19,3
哈尔滨,20150123,多云/多云,-6,-17,3
哈尔滨,20150124,晴/晴,-8,-18,3
哈尔滨,20150125,多云/多云,-6,-16,3
哈尔滨,20150126,多云/多云,-8,-24,4
哈尔滨,20150127,多云/晴,-14,-24,4
哈尔滨,20150128,晴/晴,-12,-19,3
哈尔滨,20150129,多云/多云,-9,-22,4
哈尔滨,20150130,晴/晴,-12,-24,4
哈尔滨,20150131,晴/晴,-10,-20,3
哈尔滨,20150201,晴/晴,-8,-19,3
哈尔滨,20150202,晴/晴,-6,-18,3
哈尔滨,20150203,多云/霾,-7,-17,3
哈尔滨,20150204,多云/晴,-7,-21,3
哈尔滨,20150205,晴/晴,-8,-14,3
哈尔滨,20150206,晴/多云,-3,-22,3
哈尔滨,20150207,多云/多云,-16,-26,4
哈尔滨,20150208,多云/晴,-16,-28,4
哈尔滨,20150209,晴/晴,-14,-25,4
哈尔滨,20150210,晴/多云,-10,-20,4
哈尔滨,20150211,阵雪/阵雪,-8,-18,4
哈尔滨,20150212,阵雪/多云,-6,-16,4
哈尔滨,20150213,多云/晴,-6,-19,3
哈尔滨,20150214,晴/晴,-2,-16,3
哈尔滨,20150215,晴/多云,-2,-15,3
哈尔滨,20150216,多云/阵雪,1,-9,4
哈尔滨,20150217,阵雪/多云,0,-12,4
哈尔滨,20150218,多云/晴,-3,-17,3
哈尔滨,20150219,晴/晴,-2,-13,3
哈尔滨,20150220,晴/多云,2,-2,4
哈尔滨,20150221,中雪/中雪,2,-6,3
哈尔滨,20150222,阵雪/阵雪,-1,-13,6
哈尔滨,20150223,阵雪/多云,-5,-18,5
哈尔滨,20150224,晴/晴,-7,-23,3
哈尔滨,20150225,晴/阵雪,-7,-15,3
哈尔滨,20150226,小雪/多云,-7,-19,4
哈尔滨,20150227,晴/晴,-5,-16,3
哈尔滨,20150228,阵雪/阵雪,-2,-10,4
哈尔滨,20150301,多云/晴,-4,-16,3
哈尔滨,20150302,晴/多云,-4,-15,3
哈尔滨,20150303,阵雪/多云,-3,-12,4
哈尔滨,20150304,多云/晴,-3,-19,4
哈尔滨,20150305,晴/晴,0,-8,5
哈尔滨,20150306,晴/多云,5,-9,5
哈尔滨,20150307,多云/晴,-1,-14,3
哈尔滨,20150308,多云/多云,-3,-16,3
哈尔滨,20150309,多云/多云,-5,-20,5
哈尔滨,20150310,晴/晴,-8,-18,5
哈尔滨,20150311,阴/阵雪,-7,-14,5
哈尔滨,20150312,阵雪/多云,-3,-9,4
哈尔滨,20150313,多云/晴,0,-10,3
哈尔滨,20150314,多云/多云,3,-4,3
哈尔滨,20150315,多云/晴,5,-5,3
哈尔滨,20150316,阵雨/晴,6,-7,3
哈尔滨,20150317,晴/晴,5,-6,3
哈尔滨,20150318,晴/晴,8,-1,3
哈尔滨,20150319,晴/多云,9,-2,4
哈尔滨,20150320,晴/晴,8,-2,4
哈尔滨,20150321,多云/多云,8,-7,5
哈尔滨,20150322,晴/晴,0,-10,5
哈尔滨,20150323,晴/晴,2,-9,3
哈尔滨,20150324,晴/晴,6,-4,4
哈尔滨,20150325,晴/晴,15,2,5
哈尔滨,20150326,晴/晴,21,8,6
哈尔滨,20150327,多云/阵雨,18,5,4
哈尔滨,20150328,多云/晴,11,1,3
哈尔滨,20150329,晴/晴,15,5,5
哈尔滨,20150330,多云/多云,15,2,4
哈尔滨,20150331,晴/晴,8,-3,4
哈尔滨,20150401,晴/晴,12,1,4
哈尔滨,20150402,阵雨/雨夹雪,10,1,3
哈尔滨,20150403,多云/晴,9,1,3
哈尔滨,20150404,阵雨/雨夹雪,11,3,4
哈尔滨,20150405,阵雪/多云,5,-5,4
哈尔滨,20150406,晴/多云,2,-6,4
哈尔滨,20150407,晴/晴,5,-3,3
哈尔滨,20150408,晴/晴,10,-1,4
哈尔滨,20150409,多云/多云,10,-2,4
哈尔滨,20150410,晴/晴,9,-3,4
哈尔滨,20150411,多云/多云,9,-4,4
哈尔滨,20150412,多云/晴,9,-4,3
哈尔滨,20150413,晴/晴,15,3,6
哈尔滨,20150414,晴/晴,21,7,4
哈尔滨,20150415,晴/多云,24,8,6
哈尔滨,20150416,阵雨/多云,12,2,4
哈尔滨,20150417,晴/晴,14,1,5
哈尔滨,20150418,晴/多云,15,4,4
哈尔滨,20150419,多云/晴,14,2,4
哈尔滨,20150420,多云/多云,15,2,3
哈尔滨,20150421,晴/晴,14,2,4
哈尔滨,20150422,多云/阵雨,19,9,4
哈尔滨,20150423,多云/多云,15,2,4
哈尔滨,20150424,晴/晴,15,6,4
哈尔滨,20150425,晴/晴,25,12,5
哈尔滨,20150426,晴/晴,31,14,5
哈尔滨,20150427,阵雨/阵雨,25,12,3
哈尔滨,20150428,多云/多云,28,14,3
哈尔滨,20150429,晴/多云,32,15,5
哈尔滨,20150430,多云/多云,26,12,3
哈尔滨,20150501,多云/多云,27,9,5
哈尔滨,20150502,多云/晴,21,9,3
哈尔滨,20150503,多云/多云,20,5,5
哈尔滨,20150504,多云/阵雨,15,5,4
哈尔滨,20150505,阵雨/多云,16,3,4
哈尔滨,20150506,多云/多云,14,5,3
哈尔滨,20150507,阵雨/阵雨,15,4,4
哈尔滨,20150508,阵雨/多云,11,0,4
哈尔滨,20150509,晴/晴,15,3,4
哈尔滨,20150510,晴/多云,19,9,3
哈尔滨,20150511,小雨/小雨,13,9,4
哈尔滨,20150512,中雨/小雨,12,7,4
哈尔滨,20150513,阵雨/多云,15,8,3
哈尔滨,20150514,阵雨/多云,16,4,4
哈尔滨,20150515,多云/多云,16,5,4
哈尔滨,20150516,多云/晴,16,7,4
哈尔滨,20150517,多云/小雨,20,10,4
哈尔滨,20150518,中雨/阵雨,16,8,4
哈尔滨,20150519,阵雨/多云,16,7,4
哈尔滨,20150520,晴/晴,22,11,4
哈尔滨,20150521,多云/晴,25,13,4
哈尔滨,20150522,晴/晴,27,13,4
哈尔滨,20150523,多云/晴,28,15,4
哈尔滨,20150524,晴/晴,33,15,6
哈尔滨,20150525,多云/多云,26,12,3
哈尔滨,20150526,多云/多云,24,13,3
哈尔滨,20150527,晴/雷阵雨,29,17,4
哈尔滨,20150528,多云/雷阵雨,27,18,5
哈尔滨,20150529,多云/多云,24,11,4
哈尔滨,20150530,晴/晴,23,12,4
哈尔滨,20150531,雷阵雨/雷阵雨,26,16,4
哈尔滨,20150601,雷阵雨/多云,23,11,3
哈尔滨,20150602,雷阵雨/多云,20,10,4
哈尔滨,20150603,晴/晴,24,13,3
哈尔滨,20150604,晴/多云,28,17,5
哈尔滨,20150605,阵雨/阵雨,23,13,4
哈尔滨,20150606,雷阵雨/中雨,21,14,4
哈尔滨,20150607,中雨/多云,19,12,4
哈尔滨,20150608,雷阵雨/雷阵雨,23,13,4
哈尔滨,20150609,雷阵雨/多云,24,13,3
哈尔滨,20150610,多云/雷阵雨,26,16,3
哈尔滨,20150611,雷阵雨/小雨,26,17,4
哈尔滨,20150612,阵雨/多云,23,16,4
哈尔滨,20150613,雷阵雨/多云,25,15,3
哈尔滨,20150614,晴/晴,29,18,3
哈尔滨,20150615,晴/晴,32,20,3
哈尔滨,20150616,晴/晴,33,20,4
哈尔滨,20150617,雷阵雨/晴,31,19,3
哈尔滨,20150618,多云/多云,31,18,3
哈尔滨,20150619,多云/多云,28,18,3
哈尔滨,20150620,多云/晴,29,19,3
哈尔滨,20150621,晴/晴,33,21,3
哈尔滨,20150622,多云/多云,33,22,4
哈尔滨,20150623,多云/雷阵雨,32,21,4
哈尔滨,20150624,晴/多云,32,22,3
哈尔滨,20150625,雷阵雨/雷阵雨,30,20,3
哈尔滨,20150626,雷阵雨/多云,29,20,3
哈尔滨,20150627,多云/雷阵雨,31,20,4
哈尔滨,20150628,中雨/中雨,30,17,4
哈尔滨,20150629,多云/多云,26,13,4
哈尔滨,20150630,多云/多云,26,15,4
哈尔滨,20150701,雷阵雨/多云,23,15,3
哈尔滨,20150702,多云/多云,22,14,3
哈尔滨,20150703,雷阵雨/多云,24,15,3
哈尔滨,20150704,多云/晴,29,16,3
哈尔滨,20150705,多云/晴,29,18,3
哈尔滨,20150706,晴/晴,31,20,3
哈尔滨,20150707,晴/晴,32,19,3
哈尔滨,20150708,晴/晴,32,20,3
哈尔滨,20150709,晴/晴,33,22,4
哈尔滨,20150710,晴/雷阵雨,34,22,4
哈尔滨,20150711,雷阵雨/多云,28,21,3
哈尔滨,20150712,雷阵雨/多云,28,20,3
哈尔滨,20150713,多云/多云,26,19,4
哈尔滨,20150714,多云/多云,27,16,3
哈尔滨,20150715,多云/晴,26,15,4
哈尔滨,20150716,多云/晴,29,16,3
哈尔滨,20150717,多云/多云,27,17,3
哈尔滨,20150718,晴/晴,30,17,3
哈尔滨,20150719,晴/晴,32,20,3
哈尔滨,20150720,多云/晴,32,22,3
哈尔滨,20150721,雷阵雨/阵雨,32,21,3
哈尔滨,20150722,雷阵雨/阵雨,29,22,3
哈尔滨,20150723,雷阵雨/多云,28,22,3
哈尔滨,20150724,雷阵雨/雷阵雨,27,21,3
哈尔滨,20150725,雷阵雨/阵雨,28,22,3
哈尔滨,20150726,雷阵雨/多云,29,19,4
哈尔滨,20150727,多云/多云,28,17,4
哈尔滨,20150728,多云/多云,28,18,4
哈尔滨,20150729,多云/多云,27,18,3
哈尔滨,20150730,多云/晴,28,18,3
哈尔滨,20150731,晴/晴,29,18,3
哈尔滨,20150801,晴/晴,31,21,3
哈尔滨,20150802,中雨/阵雨,29,22,5
哈尔滨,20150803,多云/晴,30,21,5
哈尔滨,20150804,晴/晴,29,21,4
哈尔滨,20150805,多云/多云,31,22,3
哈尔滨,20150806,雷阵雨/雷阵雨,30,21,4
哈尔滨,20150807,中雨/多云,27,21,3
哈尔滨,20150808,中雨/多云,28,20,3
哈尔滨,20150809,中雨/小雨,27,18,3
哈尔滨,20150810,雷阵雨/多云,26,18,3
哈尔滨,20150811,雷阵雨/多云,26,18,3
哈尔滨,20150812,多云/晴,27,19,3
哈尔滨,20150813,晴/晴,30,19,3
哈尔滨,20150814,多云/多云,31,21,3
哈尔滨,20150815,小雨/雷阵雨,28,21,3
哈尔滨,20150816,雷阵雨/阵雨,25,19,4
哈尔滨,20150817,雷阵雨/雷阵雨,28,20,4
哈尔滨,20150818,多云/雷阵雨,28,19,3
哈尔滨,20150819,雷阵雨/雷阵雨,26,18,3
哈尔滨,20150820,中雨/雷阵雨,25,18,3
哈尔滨,20150821,中雨/雷阵雨,23,17,3
哈尔滨,20150822,雷阵雨/阵雨,23,18,3
哈尔滨,20150823,雷阵雨/多云,24,17,4
哈尔滨,20150824,雷阵雨/多云,25,17,4
哈尔滨,20150825,多云/多云,26,18,4
哈尔滨,20150826,多云/阵雨,25,17,4
哈尔滨,20150827,大雨/中雨,20,16,6
哈尔滨,20150828,中雨/小雨,21,16,4
哈尔滨,20150829,小雨/阵雨,22,17,4
哈尔滨,20150830,雷阵雨/多云,24,16,3
哈尔滨,20150831,雷阵雨/多云,24,17,3
哈尔滨,20150901,晴/晴,26,16,3
哈尔滨,20150902,多云/阵雨,25,14,3
哈尔滨,20150903,晴/晴,23,13,3
哈尔滨,20150904,晴/晴,22,8,4
哈尔滨,20150905,晴/晴,21,10,3
哈尔滨,20150906,晴/晴,24,12,3
哈尔滨,20150907,晴/多云,24,13,3
哈尔滨,20150908,多云/多云,25,16,3
哈尔滨,20150909,小雨/多云,20,9,4
哈尔滨,20150910,晴/晴,20,8,4
哈尔滨,20150911,多云/多云,20,9,5
哈尔滨,20150912,多云/多云,19,8,4
哈尔滨,20150913,晴/晴,21,10,5
哈尔滨,20150914,晴/晴,27,15,4
哈尔滨,20150915,晴/晴,29,15,5
哈尔滨,20150916,晴/晴,28,14,4
哈尔滨,20150917,晴/晴,28,16,3
哈尔滨,20150918,晴/雷阵雨,27,15,4
哈尔滨,20150919,阵雨/晴,22,10,4
哈尔滨,20150920,晴/晴,22,13,3
哈尔滨,20150921,多云/多云,24,14,3
哈尔滨,20150922,多云/雷阵雨,25,13,5
哈尔滨,20150923,雷阵雨/多云,16,8,4
哈尔滨,20150924,多云/阵雨,18,8,3
哈尔滨,20150925,阵雨/多云,17,9,3
哈尔滨,20150926,多云/多云,16,6,4
哈尔滨,20150927,多云/晴,16,5,4
哈尔滨,20150928,晴/晴,15,5,4
哈尔滨,20150929,晴/晴,18,7,3
哈尔滨,20150930,晴/中雨,18,7,4
哈尔滨,20151001,中雨/多云,10,4,6
哈尔滨,20151002,晴/多云,11,5,6
哈尔滨,20151003,多云/晴,10,5,5
哈尔滨,20151004,晴/晴,16,7,4
哈尔滨,20151005,阵雨/阴,22,6,4
哈尔滨,20151006,晴/晴,24,12,4
哈尔滨,20151007,多云/阵雨,24,14,5
哈尔滨,20151008,阵雨/多云,15,2,4
哈尔滨,20151009,多云/多云,13,4,4
哈尔滨,20151010,阵雨/阵雨,10,5,4
哈尔滨,20151011,阵雨/多云,11,2,4
哈尔滨,20151012,多云/晴,11,-2,4
哈尔滨,20151013,晴/晴,12,1,3
哈尔滨,20151014,晴/晴,17,4,4
哈尔滨,20151015,晴/晴,21,10,4
哈尔滨,20151016,晴/多云,23,8,4
哈尔滨,20151017,阵雨/多云,17,0,4
哈尔滨,20151018,晴/晴,10,0,5
哈尔滨,20151019,多云/晴,9,-2,4
哈尔滨,20151020,晴/晴,9,-2,3
哈尔滨,20151021,晴/晴,12,1,3
哈尔滨,20151022,多云/晴,15,5,4
哈尔滨,20151023,多云/多云,17,-1,4
哈尔滨,20151024,晴/晴,5,-6,4
哈尔滨,20151025,晴/晴,8,-3,3
哈尔滨,20151026,晴/小雨,11,-1,5
哈尔滨,20151027,多云/多云,5,-3,5
哈尔滨,20151028,多云/多云,3,-5,4
哈尔滨,20151029,多云/晴,1,-7,4
哈尔滨,20151030,晴/晴,3,-7,4
哈尔滨,20151031,晴/晴,8,-3,4
哈尔滨,20151101,晴/霾,12,0,4
哈尔滨,20151102,霾/霾,12,2,3
哈尔滨,20151103,霾/霾,14,6,4
哈尔滨,20151104,霾/多云,12,-3,4
哈尔滨,20151105,晴/晴,3,-7,3
哈尔滨,20151106,晴/霾,2,-7,3
哈尔滨,20151107,霾/多云,2,-6,3
哈尔滨,20151108,雨夹雪/中雪,3,-5,3
哈尔滨,20151109,中雪/阵雪,0,-9,3
哈尔滨,20151110,多云/晴,-1,-10,3
哈尔滨,20151111,霾/雾,2,-9,3
哈尔滨,20151112,晴/晴,5,-4,4
哈尔滨,20151113,多云/多云,8,4,5
哈尔滨,20151114,阵雨/雨夹雪,11,-4,5
哈尔滨,20151115,雨夹雪/晴,3,-9,4
哈尔滨,20151116,晴/多云,-3,-9,3
哈尔滨,20151117,晴/晴,-3,-12,3
哈尔滨,20151118,晴/多云,-4,-11,3
哈尔滨,20151119,多云/多云,-4,-10,3
哈尔滨,20151120,多云/晴,-5,-15,3
哈尔滨,20151121,多云/晴,-5,-16,3
哈尔滨,20151122,晴/晴,-7,-18,3
哈尔滨,20151123,多云/晴,-9,-19,4
哈尔滨,20151124,晴/晴,-10,-20,3
哈尔滨,20151125,多云/多云,-9,-18,3
哈尔滨,20151126,晴/晴,-9,-20,3
哈尔滨,20151127,晴/多云,-9,-17,3
哈尔滨,20151128,多云/晴,-8,-16,3
哈尔滨,20151129,阵雪/多云,-6,-15,3
哈尔滨,20151130,阵雪/多云,-6,-15,3
哈尔滨,20151201,多云/中到大雪,-2,-6,4
哈尔滨,20151202,中到大雪/阵雪,1,-12,4
哈尔滨,20151203,小雪/阵雪,-9,-13,4
哈尔滨,20151204,晴/阵雪,-7,-14,4
哈尔滨,20151205,阵雪/晴,-7,-20,4
哈尔滨,20151206,晴/晴,-11,-23,3
哈尔滨,20151207,晴/晴,-11,-22,3
哈尔滨,20151208,晴/多云,-4,-12,4
哈尔滨,20151209,多云/小雪,-4,-7,3
哈尔滨,20151210,阵雪/多云,-4,-19,4
哈尔滨,20151211,晴/晴,-9,-19,3
哈尔滨,20151212,晴/霾,-6,-20,3
哈尔滨,20151213,晴/晴,-8,-19,3
哈尔滨,20151214,小雪/小雪,-7,-12,3
哈尔滨,20151215,阵雪/阵雪,-8,-18,5
哈尔滨,20151216,多云/晴,-12,-24,4
哈尔滨,20151217,晴/多云,-11,-19,4
哈尔滨,20151218,晴/晴,-8,-19,3
哈尔滨,20151219,晴/晴,-6,-15,3
哈尔滨,20151220,多云/阵雪,-2,-11,3
哈尔滨,20151221,多云/雾,-6,-18,3
哈尔滨,20151222,雾/多云,-6,-18,4
哈尔滨,20151223,多云/晴,-8,-23,4
哈尔滨,20151224,晴/霾,-13,-26,3
哈尔滨,20151225,多云/多云,-15,-30,4
哈尔滨,20151226,多云/晴,-19,-29,5
哈尔滨,20151227,晴/多云,-18,-27,4
哈尔滨,20151228,晴/晴,-15,-24,3
哈尔滨,20151229,晴/霾,-11,-22,3
哈尔滨,20151230,霾/霾,-10,-25,3
哈尔滨,20151231,霾/霾,-10,-19,3
哈尔滨,20160101,霾/阵雪,-5,-19,3
哈尔滨,20160102,多云/晴,-13,-23,4
哈尔滨,20160103,多云/晴,-12,-25,3
哈尔滨,20160104,多云/晴,-12,-21,4
哈尔滨,20160105,多云/多云,-11,-19,4
哈尔滨,20160106,晴/晴,-13,-22,4
哈尔滨,20160107,晴/多云,-12,-21,3
哈尔滨,20160108,晴/多云,-12,-21,4
哈尔滨,20160109,晴/晴,-13,-24,3
哈尔滨,20160110,晴/晴,-15,-25,4
哈尔滨,20160111,晴/晴,-14,-24,4
哈尔滨,20160112,晴/多云,-14,-21,4
哈尔滨,20160113,多云/晴,-14,-26,3
哈尔滨,20160114,多云/多云,-14,-23,3
哈尔滨,20160115,多云/晴,-16,-29,3
哈尔滨,20160116,晴/晴,-17,-30,3
哈尔滨,20160117,晴/多云,-17,-29,3
哈尔滨,20160118,阵雪/小雪,-18,-22,4
哈尔滨,20160119,阵雪/多云,-15,-26,5
哈尔滨,20160120,多云/晴,-18,-31,4
哈尔滨,20160121,晴/晴,-20,-33,3
哈尔滨,20160122,晴/多云,-20,-33,3
哈尔滨,20160123,多云/晴,-20,-29,3
哈尔滨,20160124,晴/晴,-16,-23,3
哈尔滨,20160125,晴/晴,-12,-21,4
哈尔滨,20160126,晴/晴,-11,-20,4
哈尔滨,20160127,多云/多云,-12,-25,4
哈尔滨,20160128,晴/晴,-15,-27,3
哈尔滨,20160129,晴/晴,-15,-28,3
哈尔滨,20160130,晴/晴,-15,-29,3
哈尔滨,20160131,晴/晴,-15,-27,3
哈尔滨,20160201,晴/晴,-13,-24,3
哈尔滨,20160202,晴/晴,-10,-20,3
哈尔滨,20160203,多云/多云,-9,-20,3
哈尔滨,20160204,晴/晴,-11,-23,4
哈尔滨,20160205,晴/晴,-9,-23,3
哈尔滨,20160206,晴/晴,-6,-18,3
哈尔滨,20160207,晴/多云,-7,-16,3
哈尔滨,20160208,小雪/多云,-7,-18,4
哈尔滨,20160209,晴/晴,-8,-20,4
哈尔滨,20160210,晴/晴,-2,-7,3
哈尔滨,20160211,多云/雨夹雪,5,-7,3
哈尔滨,20160212,雨夹雪/多云,3,-11,3
哈尔滨,20160213,晴/多云,-7,-18,4
哈尔滨,20160214,晴/晴,-10,-21,4
哈尔滨,20160215,晴/晴,-10,-15,4
哈尔滨,20160216,晴/晴,-7,-16,3
哈尔滨,20160217,晴/多云,-2,-9,3
哈尔滨,20160218,雨夹雪/阵雪,-1,-12,4
哈尔滨,20160219,多云/晴,-4,-16,4
哈尔滨,20160220,多云/阵雪,-6,-16,3
哈尔滨,20160221,晴/晴,-9,-20,3
哈尔滨,20160222,多云/多云,-9,-22,3
哈尔滨,20160223,晴/晴,-12,-21,3
哈尔滨,20160224,晴/多云,-8,-20,3
哈尔滨,20160225,多云/晴,-6,-19,3
哈尔滨,20160226,多云/多云,-7,-19,3
哈尔滨,20160227,晴/晴,-7,-18,3
哈尔滨,20160228,多云/多云,-6,-20,3
哈尔滨,20160229,晴/晴,-6,-16,3
哈尔滨,20160301,多云/晴,-3,-14,4
哈尔滨,20160302,多云/多云,-2,-15,4
哈尔滨,20160303,晴/晴,1,-10,4
哈尔滨,20160304,多云/雨夹雪,5,-3,5
哈尔滨,20160305,小雨/多云,5,-7,4
哈尔滨,20160306,晴/晴,2,-10,3
哈尔滨,20160307,晴/多云,0,-11,3
哈尔滨,20160308,阵雪/晴,-4,-13,4
哈尔滨,20160309,晴/晴,-3,-13,4
哈尔滨,20160310,晴/晴,-3,-13,3
哈尔滨,20160311,晴/晴,-1,-9,3
哈尔滨,20160312,晴/多云,5,-9,5
哈尔滨,20160313,多云/晴,2,-9,3
哈尔滨,20160314,晴/晴,6,-4,4
哈尔滨,20160315,晴/晴,12,-1,4
哈尔滨,20160316,晴/晴,12,-1,3
哈尔滨,20160317,多云/阵雨,14,2,4
哈尔滨,20160318,阵雨/多云,7,-4,4
哈尔滨,20160319,晴/晴,5,-4,3
哈尔滨,20160320,晴/晴,10,-2,3
哈尔滨,20160321,多云/多云,9,-3,4
哈尔滨,20160322,晴/晴,7,-4,5
哈尔滨,20160323,晴/晴,6,-4,5
哈尔滨,20160324,晴/晴,7,-4,4
哈尔滨,20160325,多云/晴,12,-3,4
哈尔滨,20160326,晴/晴,15,-4,4
哈尔滨,20160327,晴/晴,9,2,3
哈尔滨,20160328,多云/多云,16,3,5
哈尔滨,20160329,多云/晴,10,-1,4
哈尔滨,20160330,多云/多云,10,2,4
哈尔滨,20160331,多云/多云,17,12,4
哈尔滨,20160401,小雨/多云,19,3,6
哈尔滨,20160402,多云/晴,10,-2,5
哈尔滨,20160403,晴/晴,9,-3,4
哈尔滨,20160404,晴/晴,12,-1,3
哈尔滨,20160405,晴/晴,12,2,3
哈尔滨,20160406,多云/阵雨,18,5,5
哈尔滨,20160407,晴/晴,9,-2,6
哈尔滨,20160408,多云/晴,7,-4,5
哈尔滨,20160409,多云/晴,6,-5,4
哈尔滨,20160410,多云/多云,6,-4,4
哈尔滨,20160411,晴/多云,10,2,4
哈尔滨,20160412,阵雨/多云,8,-2,4
哈尔滨,20160413,雾/晴,12,1,4
哈尔滨,20160414,晴/晴,14,4,4
哈尔滨,20160415,多云/小雨,14,6,4
哈尔滨,20160416,阵雨/多云,11,3,4
哈尔滨,20160417,多云/多云,8,0,5
哈尔滨,20160418,多云/晴,13,0,4
哈尔滨,20160419,多云/晴,18,8,5
哈尔滨,20160420,多云/多云,17,8,5
哈尔滨,20160421,晴/多云,19,4,5
哈尔滨,20160422,阵雨/多云,13,4,5
哈尔滨,20160423,多云/晴,13,1,4
哈尔滨,20160424,多云/多云,16,3,4
哈尔滨,20160425,多云/晴,14,1,5
哈尔滨,20160426,晴/晴,16,2,3
哈尔滨,20160427,多云/晴,16,5,3
哈尔滨,20160428,晴/晴,18,4,4
哈尔滨,20160429,晴/多云,20,8,5
哈尔滨,20160430,多云/多云,19,9,4
哈尔滨,20160501,雷阵雨/雷阵雨,20,13,5
哈尔滨,20160502,雷阵雨/阴,19,8,4
哈尔滨,20160503,中雨/中雨,11,6,5
哈尔滨,20160504,小雨/多云,14,5,6
哈尔滨,20160505,多云/阵雨,21,10,4
哈尔滨,20160506,小雨/阵雨,14,6,5
哈尔滨,20160507,多云/晴,18,6,5
哈尔滨,20160508,多云/多云,22,9,4
哈尔滨,20160509,晴/多云,21,9,4
哈尔滨,20160510,多云/晴,21,10,4
哈尔滨,20160511,阵雨/雷阵雨,25,7,4
哈尔滨,20160512,雷阵雨/多云,15,5,5
哈尔滨,20160513,晴/晴,19,12,5
哈尔滨,20160514,多云/中雨,20,10,6
哈尔滨,20160515,阵雨/阵雨,15,7,5
哈尔滨,20160516,阵雨/多云,15,7,4
哈尔滨,20160517,晴/晴,27,15,4
哈尔滨,20160518,晴/晴,30,17,5
哈尔滨,20160519,多云/晴,31,19,5
哈尔滨,20160520,晴/晴,31,17,5
哈尔滨,20160521,晴/多云,26,11,4
哈尔滨,20160522,晴/多云,24,12,4
哈尔滨,20160523,多云/雷阵雨,23,13,4
哈尔滨,20160524,中雨/小雨,17,12,4
哈尔滨,20160525,阵雨/多云,21,12,5
哈尔滨,20160526,多云/多云,19,9,4
哈尔滨,20160527,晴/晴,24,13,4
哈尔滨,20160528,晴/多云,31,14,5
哈尔滨,20160529,多云/晴,20,10,5
哈尔滨,20160530,雷阵雨/多云,17,10,4
哈尔滨,20160531,多云/多云,23,12,4
哈尔滨,20160601,晴/晴,27,14,4
哈尔滨,20160602,阵雨/多云,27,14,3
哈尔滨,20160603,雷阵雨/多云,28,14,4
哈尔滨,20160604,晴/多云,12,13,3
哈尔滨,20160605,晴/晴,32,17,4
哈尔滨,20160606,雷阵雨/阵雨,26,12,3
哈尔滨,20160607,多云/多云,26,14,4
哈尔滨,20160608,雷阵雨/多云,24,13,3
哈尔滨,20160609,多云/阵雨,27,15,3
哈尔滨,20160610,中雨/中雨,23,16,5
哈尔滨,20160611,中雨/阵雨,20,14,4
哈尔滨,20160612,阵雨/多云,23,13,4
哈尔滨,20160613,雷阵雨/多云,23,14,3
哈尔滨,20160614,多云/多云,25,15,3
哈尔滨,20160615,多云/多云,24,16,3
哈尔滨,20160616,小雨/多云,23,15,4
哈尔滨,20160617,雷阵雨/雷阵雨,26,17,4
哈尔滨,20160618,雷阵雨/雷阵雨,25,17,4
哈尔滨,20160619,雷阵雨/多云,24,16,4
哈尔滨,20160620,多云/多云,27,19,4
哈尔滨,20160621,雷阵雨/雷阵雨,25,19,4
哈尔滨,20160622,雷阵雨/中雨,26,18,3
哈尔滨,20160623,中雨/中雨,23,16,3
哈尔滨,20160624,中雨/多云,20,14,3
哈尔滨,20160625,雷阵雨/多云,23,15,4
哈尔滨,20160626,多云/晴,26,17,3
哈尔滨,20160627,多云/晴,29,18,4
哈尔滨,20160628,晴/多云,30,20,4
哈尔滨,20160629,雷阵雨/雷阵雨,28,19,3
哈尔滨,20160630,中雨/雷阵雨,23,16,4
哈尔滨,20160701,多云/多云,25,16,4
哈尔滨,20160702,晴/晴,27,17,3
哈尔滨,20160703,晴/晴,31,20,3
哈尔滨,20160704,晴/晴,32,20,3
哈尔滨,20160705,晴/晴,32,19,4
哈尔滨,20160706,晴/晴,32,22,4
哈尔滨,20160707,晴/多云,33,23,4
哈尔滨,20160708,雷阵雨/多云,31,22,4
哈尔滨,20160709,阵雨/多云,29,19,4
哈尔滨,20160710,晴/晴,32,24,3
哈尔滨,20160711,多云/多云,34,25,4
哈尔滨,20160712,雷阵雨/雷阵雨,28,19,4
哈尔滨,20160713,多云/多云,27,18,4
哈尔滨,20160714,晴/晴,26,16,4
哈尔滨,20160715,多云/多云,27,17,3
哈尔滨,20160716,多云/多云,27,18,3
哈尔滨,20160717,多云/多云,26,16,3
哈尔滨,20160718,晴/晴,29,20,3
哈尔滨,20160719,多云/晴,32,21,3
哈尔滨,20160720,多云/多云,30,22,3
哈尔滨,20160721,多云/多云,29,21,3
哈尔滨,20160722,多云/小雨,28,22,4
哈尔滨,20160723,中雨/中雨,27,24,3
哈尔滨,20160724,中雨/多云,29,19,4
哈尔滨,20160725,多云/雷阵雨,29,19,3
哈尔滨,20160726,多云/晴,30,18,3
哈尔滨,20160727,多云/多云,30,19,3
哈尔滨,20160728,多云/雷阵雨,30,21,3
哈尔滨,20160729,小雨/多云,27,20,3
哈尔滨,20160730,晴/多云,31,22,3
哈尔滨,20160731,多云/晴,32,21,3
哈尔滨,20160801,晴/晴,32,22,3
哈尔滨,20160802,多云/多云,33,23,3
哈尔滨,20160803,晴/晴,33,25,3
哈尔滨,20160804,多云/晴,35,24,3
哈尔滨,20160805,多云/多云,31,23,4
哈尔滨,20160806,雷阵雨/雷阵雨,30,19,4
哈尔滨,20160807,多云/晴,26,15,4
哈尔滨,20160808,晴/晴,27,17,3
哈尔滨,20160809,晴/晴,29,21,3
哈尔滨,20160810,阵雨/多云,29,25,4
哈尔滨,20160811,多云/多云,32,25,4
哈尔滨,20160812,雷阵雨/多云,31,22,4
哈尔滨,20160813,多云/晴,31,20,4
哈尔滨,20160814,晴/晴,28,17,4
哈尔滨,20160815,多云/多云,27,16,4
哈尔滨,20160816,晴/晴,26,17,4
哈尔滨,20160817,多云/多云,28,18,3
哈尔滨,20160818,阵雨/多云,29,18,3
哈尔滨,20160819,多云/晴,28,16,3
哈尔滨,20160820,多云/多云,30,18,4
哈尔滨,20160821,雷阵雨/多云,27,17,4
哈尔滨,20160822,多云/晴,28,16,4
哈尔滨,20160823,晴/多云,29,18,3
哈尔滨,20160824,雷阵雨/雷阵雨,27,17,4
哈尔滨,20160825,多云/晴,24,12,4
哈尔滨,20160826,晴/晴,25,13,4
哈尔滨,20160827,晴/晴,28,14,3
哈尔滨,20160828,晴/晴,28,15,4
哈尔滨,20160829,多云/中雨,24,14,6
哈尔滨,20160830,中雨/小雨,21,16,6
哈尔滨,20160831,中雨/小雨,21,18,6
哈尔滨,20160901,小雨/阵雨,21,17,4
哈尔滨,20160902,阵雨/多云,24,17,5
哈尔滨,20160903,多云/多云,28,18,3
哈尔滨,20160904,阵雨/阵雨,26,18,3
哈尔滨,20160905,阵雨/多云,25,17,3
哈尔滨,20160906,阵雨/多云,25,17,3
哈尔滨,20160907,阵雨/阵雨,24,16,3
哈尔滨,20160908,阵雨/多云,23,17,3
哈尔滨,20160909,阵雨/多云,21,15,3
哈尔滨,20160910,多云/多云,21,14,3
哈尔滨,20160911,阵雨/阵雨,21,14,4
哈尔滨,20160912,阵雨/多云,21,14,3
哈尔滨,20160913,阵雨/多云,22,13,3
哈尔滨,20160914,多云/阵雨,24,15,4
哈尔滨,20160915,阵雨/多云,22,13,4
哈尔滨,20160916,阵雨/多云,21,12,4
哈尔滨,20160917,多云/晴,17,8,4
哈尔滨,20160918,晴/晴,19,10,3
哈尔滨,20160919,晴/晴,23,10,3
哈尔滨,20160920,晴/晴,25,11,3
哈尔滨,20160921,晴/晴,25,13,4
哈尔滨,20160922,多云/多云,24,14,4
哈尔滨,20160923,多云/阵雨,23,15,5
哈尔滨,20160924,阵雨/阵雨,23,14,4
哈尔滨,20160925,晴/晴,19,8,4
哈尔滨,20160926,阵雨/小雨,19,7,4
哈尔滨,20160927,小雨/多云,10,2,3
哈尔滨,20160928,晴/晴,16,3,4
哈尔滨,20160929,晴/多云,18,7,4
哈尔滨,20160930,晴/晴,20,10,4
哈尔滨,20161001,阵雨/晴,20,7,5
哈尔滨,20161002,多云/阵雨,18,9,4
哈尔滨,20161003,阵雨/多云,11,1,4
哈尔滨,20161004,阵雨/阵雨,11,2,4
哈尔滨,20161005,多云/晴,12,0,3
哈尔滨,20161006,晴/晴,11,1,3
哈尔滨,20161007,阵雨/小雨,12,4,3
哈尔滨,20161008,小雨/多云,8,-1,4
哈尔滨,20161009,晴/晴,9,-1,4
哈尔滨,20161010,晴/晴,10,-1,4
哈尔滨,20161011,多云/晴,10,-1,3
哈尔滨,20161012,晴/晴,12,-1,4
哈尔滨,20161013,晴/晴,14,0,4
哈尔滨,20161014,晴/晴,17,7,4
哈尔滨,20161015,晴/多云,23,12,3
哈尔滨,20161016,多云/阵雨,18,6,3
哈尔滨,20161017,晴/晴,9,0,5
哈尔滨,20161018,多云/阵雨,13,0,4
哈尔滨,20161019,阵雨/多云,7,-4,4
哈尔滨,20161020,多云/多云,6,-3,3
哈尔滨,20161021,多云/雨夹雪,4,-3,4
哈尔滨,20161022,晴/晴,5,-3,4
哈尔滨,20161023,晴/晴,9,-1,4
哈尔滨,20161024,晴/多云,9,0,4
哈尔滨,20161025,阵雨/多云,10,-2,4
哈尔滨,20161026,晴/多云,3,-5,3
哈尔滨,20161027,晴/多云,6,-3,4
哈尔滨,20161028,晴/晴,4,-7,4
哈尔滨,20161029,晴/晴,0,-7,4
哈尔滨,20161030,雨夹雪/晴,-2,-10,5
哈尔滨,20161031,多云/晴,-2,-9,4
哈尔滨,20161101,晴/晴,0,-8,4
哈尔滨,20161102,多云/多云,2,-8,4
哈尔滨,20161103,晴/霾,-2,-9,4
哈尔滨,20161104,阵雪/多云,1,-7,4
哈尔滨,20161105,多云/晴,0,-11,4
哈尔滨,20161106,晴/多云,-2,-7,3
哈尔滨,20161107,阵雪/多云,-1,-10,4
哈尔滨,20161108,多云/多云,-4,-14,4
哈尔滨,20161109,晴/多云,-3,-12,3
哈尔滨,20161110,雨夹雪/大雪,0,-6,4
哈尔滨,20161111,中雪/多云,0,-13,4
哈尔滨,20161112,晴/晴,-3,-14,4
哈尔滨,20161113,雨夹雪/雨夹雪,0,-8,5
哈尔滨,20161114,多云/多云,-3,-14,5
哈尔滨,20161115,多云/晴,-5,-15,4
哈尔滨,20161116,晴/晴,-4,-17,4
哈尔滨,20161117,晴/多云,-3,-14,4
哈尔滨,20161118,多云/小雪,-4,-10,3
哈尔滨,20161119,阵雪/多云,-8,-17,4
哈尔滨,20161120,多云/晴,-11,-21,3
哈尔滨,20161121,晴/晴,-11,-21,4
哈尔滨,20161122,晴/晴,-13,-23,4
哈尔滨,20161123,晴/晴,-12,-22,4
哈尔滨,20161124,晴/晴,-10,-20,4
哈尔滨,20161125,晴/晴,-5,-20,3
哈尔滨,20161126,阵雪/阵雪,0,-12,3
哈尔滨,20161127,阵雪/晴,-10,-17,4
哈尔滨,20161128,晴/晴,-6,-17,4
哈尔滨,20161129,晴/多云,-5,-18,4
哈尔滨,20161130,小雪/小雪,-1,-8,5
哈尔滨,20161201,阵雪/晴,-7,-13,5
哈尔滨,20161202,晴/晴,-2,-11,4
哈尔滨,20161203,多云/多云,4,-10,5
哈尔滨,20161204,晴/晴,-3,-20,4
哈尔滨,20161205,晴/多云,-10,-23,4
哈尔滨,20161206,晴/晴,-13,-23,4
哈尔滨,20161207,晴/晴,-12,-18,4
哈尔滨,20161208,小雪/小雪,-14,-21,4
哈尔滨,20161209,多云/霾,-12,-23,4
哈尔滨,20161210,霾/晴,-10,-22,4
哈尔滨,20161211,晴/多云,-7,-18,4
哈尔滨,20161212,多云/多云,-8,-21,4
哈尔滨,20161213,晴/晴,-14,-25,4
哈尔滨,20161214,晴/晴,-15,-26,4
哈尔滨,20161215,晴/晴,-15,-25,4
哈尔滨,20161216,晴/多云,-11,-20,4
哈尔滨,20161217,晴/晴,-5,-13,3
哈尔滨,20161218,霾/霾,-1,-7,3
哈尔滨,20161219,霾/霾,-2,-15,3
哈尔滨,20161220,霾/霾,-5,-17,3
哈尔滨,20161221,阵雪/多云,-9,-16,4
哈尔滨,20161222,多云/多云,-10,-14,5
哈尔滨,20161223,晴/晴,-10,-23,4
哈尔滨,20161224,晴/多云,-10,-20,3
哈尔滨,20161225,阵雪/阵雪,-4,-22,4
哈尔滨,20161226,晴/晴,-14,-25,4
哈尔滨,20161227,晴/多云,-15,-23,4
哈尔滨,20161228,阵雪/阵雪,-11,-24,5
哈尔滨,20161229,多云/晴,-14,-22,4
哈尔滨,20161230,晴/晴,-8,-20,4
哈尔滨,20161231,霾/多云,-6,-17,4
哈尔滨,20170101,多云/多云,-4,-19,4
哈尔滨,20170102,霾/霾,-10,-18,3
哈尔滨,20170103,霾/霾,-6,-23,3
哈尔滨,20170104,霾/霾,-11,-23,3
哈尔滨,20170105,霾/霾,-11,-22,3
哈尔滨,20170106,霾/霾,-8,-20,3
哈尔滨,20170107,霾/霾,-10,-22,3
哈尔滨,20170108,霾/多云,-10,-21,3
哈尔滨,20170109,多云/晴,-13,-23,5
哈尔滨,20170110,多云/多云,-16,-27,4
哈尔滨,20170111,晴/晴,-17,-25,4
哈尔滨,20170112,晴/阵雪,-18,-25,4
哈尔滨,20170113,阵雪/多云,-14,-22,4
哈尔滨,20170114,晴/晴,-14,-20,4
哈尔滨,20170115,晴/晴,-8,-17,5
哈尔滨,20170116,霾/霾,-10,-22,3
哈尔滨,20170117,霾/霾,-11,-22,3
哈尔滨,20170118,多云/多云,-10,-21,4
哈尔滨,20170119,多云/晴,-12,-25,4
哈尔滨,20170120,多云/晴,-14,-25,4
哈尔滨,20170121,阵雪/阵雪,-13,-26,4
哈尔滨,20170122,多云/晴,-17,-28,4
哈尔滨,20170123,晴/晴,-15,-26,3
哈尔滨,20170124,晴/晴,-12,-24,3
哈尔滨,20170125,晴/晴,-8,-14,4
哈尔滨,20170126,阵雪/多云,-3,-18,5
哈尔滨,20170127,多云/晴,-9,-20,4
哈尔滨,20170128,多云/多云,-9,-19,4
哈尔滨,20170129,多云/晴,-13,-25,5
哈尔滨,20170130,晴/多云,-12,-19,4
哈尔滨,20170131,晴/晴,-9,-22,4
哈尔滨,20170201,晴/晴,-11,-17,4
哈尔滨,20170202,晴/晴,-6,-18,4
哈尔滨,20170203,晴/晴,-4,-17,4
哈尔滨,20170204,晴/多云,-3,-18,4
哈尔滨,20170205,多云/多云,-7,-18,4
哈尔滨,20170206,晴/晴,-9,-21,4
哈尔滨,20170207,晴/晴,-9,-20,4
哈尔滨,20170208,多云/多云,-8,-19,4
哈尔滨,20170209,阵雪/阵雪,-10,-16,5
哈尔滨,20170210,多云/多云,-7,-16,4
哈尔滨,20170211,阵雪/阵雪,-7,-15,4
哈尔滨,20170212,阵雪/晴,-5,-17,3
哈尔滨,20170213,晴/晴,-5,-17,3
哈尔滨,20170214,晴/晴,-4,-18,3
哈尔滨,20170215,多云/雨夹雪,0,-7,5
哈尔滨,20170216,阵雪/多云,-7,-19,5
哈尔滨,20170217,多云/晴,-10,-23,5
哈尔滨,20170218,晴/晴,-11,-23,3
哈尔滨,20170219,阵雪/多云,-9,-19,5
哈尔滨,20170220,晴/晴,-9,-20,4
哈尔滨,20170221,多云/阵雪,-5,-12,4
哈尔滨,20170222,中雪/多云,-2,-16,5
哈尔滨,20170223,晴/晴,-6,-16,4
哈尔滨,20170224,晴/多云,-3,-17,4
哈尔滨,20170225,晴/晴,-5,-19,4
哈尔滨,20170226,晴/晴,-3,-10,4
哈尔滨,20170227,晴/多云,3,-8,5
哈尔滨,20170228,多云/多云,3,-15,4
哈尔滨,20170301,多云/多云,-5,-16,4
哈尔滨,20170302,多云/阵雪,-4,-15,3
哈尔滨,20170303,多云/多云,-3,-18,3
哈尔滨,20170304,多云/多云,-7,-18,4
哈尔滨,20170305,多云/多云,-6,-20,4
哈尔滨,20170306,阵雪/多云,-6,-9,5
哈尔滨,20170307,多云/多云,-3,-10,5
哈尔滨,20170308,多云/多云,1,-9,4
哈尔滨,20170309,晴/晴,2,-10,3
哈尔滨,20170310,晴/晴,5,-6,3
哈尔滨,20170311,多云/多云,7,-4,4
哈尔滨,20170312,雨夹雪/阵雪,4,-5,5
哈尔滨,20170313,雨夹雪/多云,3,-5,4
哈尔滨,20170314,晴/晴,5,-9,4
哈尔滨,20170315,晴/晴,6,-6,4
哈尔滨,20170316,晴/晴,10,-3,3
哈尔滨,20170317,晴/晴,9,-5,3
哈尔滨,20170318,多云/多云,9,-4,4
哈尔滨,20170319,晴/多云,7,-3,4
哈尔滨,20170320,多云/晴,5,-4,4
哈尔滨,20170321,晴/多云,7,-5,4
哈尔滨,20170322,多云/多云,5,-5,4
哈尔滨,20170323,多云/晴,7,-6,4
哈尔滨,20170324,晴/晴,8,-4,3
哈尔滨,20170325,多云/多云,9,-4,4
哈尔滨,20170326,多云/多云,9,-3,4
哈尔滨,20170327,多云/多云,9,-3,4
哈尔滨,20170328,多云/多云,10,-1,4
哈尔滨,20170329,阵雨/多云,9,-2,4
哈尔滨,20170330,多云/晴,10,-5,3
哈尔滨,20170331,阵雨/多云,9,-5,3
哈尔滨,20170401,晴/多云,10,0,4
哈尔滨,20170402,多云/晴,14,0,4
哈尔滨,20170403,多云/晴,19,7,4
哈尔滨,20170404,多云/晴,22,11,6
哈尔滨,20170405,多云/多云,24,8,6
哈尔滨,20170406,阵雨/多云,15,1,4
哈尔滨,20170407,多云/多云,14,3,4
哈尔滨,20170408,多云/晴,12,-2,5
哈尔滨,20170409,晴/晴,14,3,5
哈尔滨,20170410,多云/多云,19,-2,5
哈尔滨,20170411,晴/多云,8,-4,4
哈尔滨,20170412,晴/晴,5,-3,5
哈尔滨,20170413,多云/晴,18,4,5
哈尔滨,20170414,晴/晴,22,8,5
哈尔滨,20170415,多云/晴,22,2,5
哈尔滨,20170416,多云/阵雨,15,4,4
哈尔滨,20170417,中雨/阵雨,13,1,5
哈尔滨,20170418,阵雨/多云,9,1,5
哈尔滨,20170419,多云/多云,13,1,4
哈尔滨,20170420,多云/多云,14,0,3
哈尔滨,20170421,多云/晴,14,4,3
哈尔滨,20170422,多云/阵雨,21,5,5
哈尔滨,20170423,阵雨/多云,15,4,4
哈尔滨,20170424,多云/多云,14,2,4
哈尔滨,20170425,阵雨/多云,12,2,4
哈尔滨,20170426,多云/晴,13,2,4
哈尔滨,20170427,多云/多云,17,3,4
哈尔滨,20170428,多云/多云,17,5,4
哈尔滨,20170429,多云/多云,23,6,6
哈尔滨,20170430,晴/晴,16,3,5
哈尔滨,20170501,晴/晴,27,12,5
哈尔滨,20170502,多云/晴,28,17,6
哈尔滨,20170503,多云/多云,30,17,6
哈尔滨,20170504,多云/多云,23,7,6
哈尔滨,20170505,雷阵雨/雷阵雨,21,4,5
哈尔滨,20170506,阵雨/阵雨,9,4,6
哈尔滨,20170507,晴/晴,16,2,5
哈尔滨,20170508,晴/晴,22,12,4
哈尔滨,20170509,晴/晴,31,13,6
哈尔滨,20170510,晴/晴,27,13,5
哈尔滨,20170511,多云/小雨,25,8,5
哈尔滨,20170512,雷阵雨/多云,16,6,5
哈尔滨,20170513,雷阵雨/雷阵雨,15,4,5
哈尔滨,20170514,雷阵雨/雷阵雨,13,3,5
哈尔滨,20170515,雷阵雨/雷阵雨,13,2,4
哈尔滨,20170516,晴/晴,26,14,3
哈尔滨,20170517,晴/晴,28,18,5
哈尔滨,20170518,多云/多云,32,20,6
哈尔滨,20170519,多云/晴,28,13,4
哈尔滨,20170520,多云/多云,24,10,3
哈尔滨,20170521,阵雨/阵雨,13,8,4
哈尔滨,20170522,阵雨/阵雨,15,6,4
哈尔滨,20170523,雷阵雨/多云,22,8,4
哈尔滨,20170524,多云/阵雨,19,7,5
哈尔滨,20170525,多云/多云,20,6,5
哈尔滨,20170526,晴/晴,24,10,4
哈尔滨,20170527,晴/多云,26,14,5
哈尔滨,20170528,阵雨/晴,25,10,5
哈尔滨,20170529,晴/晴,25,10,5
哈尔滨,20170530,晴/多云,23,11,4
哈尔滨,20170531,阵雨/阵雨,20,8,3
哈尔滨,20170601,雷阵雨/小雨,18,9,4
哈尔滨,20170602,雷阵雨/阵雨,18,9,4
哈尔滨,20170603,雷阵雨/多云,18,9,4
哈尔滨,20170604,多云/晴,20,10,4
哈尔滨,20170605,晴/晴,27,15,6
哈尔滨,20170606,雷阵雨/雷阵雨,26,14,5
哈尔滨,20170607,雷阵雨/多云,22,13,4
哈尔滨,20170608,多云/多云,24,10,4
哈尔滨,20170609,雷阵雨/多云,18,9,6
哈尔滨,20170610,雷阵雨/多云,17,10,4
哈尔滨,20170611,多云/多云,21,10,4
哈尔滨,20170612,多云/多云,23,13,4
哈尔滨,20170613,多云/多云,29,18,4
哈尔滨,20170614,多云/晴,30,16,4
哈尔滨,20170615,晴/晴,28,16,4
哈尔滨,20170616,晴/多云,30,21,4
哈尔滨,20170617,雷阵雨/雷阵雨,28,19,5
哈尔滨,20170618,雷阵雨/多云,27,18,5
哈尔滨,20170619,雷阵雨/雷阵雨,28,17,5
哈尔滨,20170620,雷阵雨/雷阵雨,25,16,4
哈尔滨,20170621,雷阵雨/多云,25,17,4
哈尔滨,20170622,多云/晴,28,17,4
哈尔滨,20170623,晴/晴,31,20,3
哈尔滨,20170624,晴/多云,32,19,3
哈尔滨,20170625,多云/晴,29,17,4
哈尔滨,20170626,晴/晴,30,20,4
哈尔滨,20170627,晴/晴,33,22,4
哈尔滨,20170628,晴/晴,32,25,4
哈尔滨,20170629,多云/中雨,33,23,4
哈尔滨,20170630,雷阵雨/雷阵雨,29,21,4
哈尔滨,20170701,雷阵雨/雷阵雨,29,20,3
哈尔滨,20170702,雷阵雨/多云,28,20,3
哈尔滨,20170703,多云/晴,30,19,4
哈尔滨,20170704,晴/晴,33,21,4
哈尔滨,20170705,晴/晴,34,22,3
哈尔滨,20170706,晴/晴,35,22,4
哈尔滨,20170707,晴/雷阵雨,35,23,4
哈尔滨,20170708,雷阵雨/多云,32,23,4
哈尔滨,20170709,雷阵雨/雷阵雨,30,23,4
哈尔滨,20170710,雷阵雨/雷阵雨,31,22,4
哈尔滨,20170711,雷阵雨/多云,31,21,4
哈尔滨,20170712,多云/雷阵雨,32,24,4
哈尔滨,20170713,雷阵雨/雷阵雨,30,22,4
哈尔滨,20170714,雷阵雨/多云,32,20,4
哈尔滨,20170715,多云/晴,32,20,3
哈尔滨,20170716,晴/多云,32,22,3
哈尔滨,20170717,雷阵雨/多云,30,22,4
哈尔滨,20170718,雷阵雨/雷阵雨,33,22,4
哈尔滨,20170719,雷阵雨/多云,29,19,3
哈尔滨,20170720,雷阵雨/雷阵雨,26,17,3
哈尔滨,20170721,多云/晴,29,18,3
哈尔滨,20170722,晴/多云,30,20,4
哈尔滨,20170723,多云/多云,31,19,4
哈尔滨,20170724,多云/晴,26,14,4
哈尔滨,20170725,晴/晴,26,16,4
哈尔滨,20170726,阵雨/多云,27,18,3
哈尔滨,20170727,阵雨/阵雨,24,16,4
哈尔滨,20170728,多云/晴,28,16,3
哈尔滨,20170729,晴/晴,28,18,3
哈尔滨,20170730,多云/多云,29,20,3
哈尔滨,20170731,雷阵雨/多云,30,21,4
哈尔滨,20170801,雷阵雨/小到中雨,27,23,4
哈尔滨,20170802,中雨/中雨,27,21,4
哈尔滨,20170803,大雨/大雨,26,23,4
哈尔滨,20170804,雷阵雨/雷阵雨,26,19,6
哈尔滨,20170805,雷阵雨/多云,30,22,4
哈尔滨,20170806,雷阵雨/雷阵雨,28,22,3
哈尔滨,20170807,小到中雨/雷阵雨,26,20,4
哈尔滨,20170808,雷阵雨/多云,26,19,4
哈尔滨,20170809,雷阵雨/多云,28,20,4
哈尔滨,20170810,雷阵雨/多云,28,20,4
哈尔滨,20170811,雷阵雨/多云,25,20,4
哈尔滨,20170812,多云/多云,29,21,4
哈尔滨,20170813,雷阵雨/多云,28,20,4
哈尔滨,20170814,多云/多云,29,20,4
哈尔滨,20170815,多云/晴,28,20,4
哈尔滨,20170816,多云/多云,28,19,4
哈尔滨,20170817,多云/晴,28,18,4
哈尔滨,20170818,多云/晴,28,18,3
哈尔滨,20170819,晴/晴,30,20,4
哈尔滨,20170820,晴/多云,29,21,4
哈尔滨,20170821,雷阵雨/雷阵雨,28,20,5
哈尔滨,20170822,多云/多云,29,17,4
哈尔滨,20170823,小到中雨/多云,23,16,5
哈尔滨,20170824,阵雨/多云,24,15,5
哈尔滨,20170825,阵雨/多云,20,14,5
哈尔滨,20170826,多云/多云,23,15,5
哈尔滨,20170827,多云/阵雨,28,15,5
哈尔滨,20170828,晴/晴,20,8,5
哈尔滨,20170829,晴/多云,18,8,5
哈尔滨,20170830,多云/多云,18,11,5
哈尔滨,20170831,多云/晴,21,12,4
哈尔滨,20170901,多云/晴,23,11,4
哈尔滨,20170902,晴/晴,23,11,3
哈尔滨,20170903,多云/多云,26,16,3
哈尔滨,20170904,雷阵雨/雷阵雨,25,18,5
哈尔滨,20170905,中雨/雷阵雨,22,14,5
哈尔滨,20170906,多云/晴,26,13,4
哈尔滨,20170907,多云/雷阵雨,27,13,5
哈尔滨,20170908,晴/晴,19,8,4
哈尔滨,20170909,晴/晴,21,10,4
哈尔滨,20170910,雷阵雨/雷阵雨,22,13,4
哈尔滨,20170911,多云/多云,19,6,4
哈尔滨,20170912,多云/多云,17,6,4
哈尔滨,20170913,多云/多云,19,8,4
哈尔滨,20170914,晴/晴,19,7,4
哈尔滨,20170915,晴/多云,20,12,4
哈尔滨,20170916,阵雨/阵雨,21,14,4
哈尔滨,20170917,阵雨/阵雨,21,11,4
哈尔滨,20170918,阵雨/阵雨,21,12,4
哈尔滨,20170919,多云/多云,21,10,4
哈尔滨,20170920,晴/晴,22,12,4
哈尔滨,20170921,晴/多云,24,16,5
哈尔滨,20170922,雷阵雨/多云,22,9,6
哈尔滨,20170923,多云/晴,23,14,5
哈尔滨,20170924,多云/晴,21,9,5
哈尔滨,20170925,晴/中雨,22,14,4
哈尔滨,20170926,阵雨/多云,18,5,5
哈尔滨,20170927,晴/晴,14,3,5
哈尔滨,20170928,多云/多云,12,2,5
哈尔滨,20170929,多云/多云,12,3,5
哈尔滨,20170930,多云/阵雨,15,8,5
哈尔滨,20171001,多云/多云,15,3,6
哈尔滨,20171002,多云/晴,11,0,5
哈尔滨,20171003,多云/晴,10,0,4
哈尔滨,20171004,晴/晴,13,5,5
哈尔滨,20171005,晴/晴,20,10,6
哈尔滨,20171006,晴/多云,21,12,6
哈尔滨,20171007,多云/多云,18,10,5
哈尔滨,20171008,多云/多云,15,5,4
哈尔滨,20171009,多云/多云,11,1,4
哈尔滨,20171010,多云/多云,11,1,4
哈尔滨,20171011,阵雨/多云,8,-2,4
哈尔滨,20171012,晴/晴,10,1,3
哈尔滨,20171013,阵雨/多云,11,0,3
哈尔滨,20171014,晴/晴,10,-2,4
哈尔滨,20171015,多云/多云,10,0,4
哈尔滨,20171016,多云/多云,11,-2,4
哈尔滨,20171017,晴/晴,8,-3,4
哈尔滨,20171018,晴/多云,11,3,4
哈尔滨,20171019,霾/霾,12,-1,4
哈尔滨,20171020,阵雨/阵雨,14,-1,4
哈尔滨,20171021,晴/晴,4,-5,5
哈尔滨,20171022,晴/晴,7,-6,4
哈尔滨,20171023,霾/霾,8,-2,4
哈尔滨,20171024,晴/晴,13,0,4
哈尔滨,20171025,晴/晴,11,0,4
哈尔滨,20171026,晴/晴,15,5,4
哈尔滨,20171027,霾/多云,17,9,5
哈尔滨,20171028,多云/多云,14,-3,5
哈尔滨,20171029,晴/晴,6,-3,5
哈尔滨,20171030,晴/晴,9,-1,4
哈尔滨,20171031,多云/多云,11,1,5
哈尔滨,20171101,晴/多云,9,-4,4
哈尔滨,20171102,多云/晴,7,-5,4
哈尔滨,20171103,晴/晴,3,-5,4
哈尔滨,20171104,多云/晴,6,-1,4
哈尔滨,20171105,多云/多云,12,2,5
哈尔滨,20171106,多云/多云,12,0,3
哈尔滨,20171107,阵雨/多云,6,-5,4
哈尔滨,20171108,晴/晴,4,-6,4
哈尔滨,20171109,小雨/雨夹雪,6,-1,4
哈尔滨,20171110,阵雪/多云,5,-5,5
哈尔滨,20171111,晴/晴,1,-8,4
哈尔滨,20171112,晴/多云,5,-2,4
哈尔滨,20171113,多云/多云,3,-6,4
哈尔滨,20171114,阵雪/多云,-1,-9,5
哈尔滨,20171115,晴/晴,-5,-10,4
哈尔滨,20171116,多云/阵雪,-6,-10,3
哈尔滨,20171117,阵雪/多云,-3,-16,5
哈尔滨,20171118,多云/多云,-9,-19,4
哈尔滨,20171119,晴/多云,-9,-18,4
哈尔滨,20171120,多云/晴,-5,-13,3
哈尔滨,20171121,阵雪/阵雪,4,-11,5
哈尔滨,20171122,多云/多云,-3,-16,4
哈尔滨,20171123,多云/多云,-8,-20,3
哈尔滨,20171124,晴/晴,-8,-20,3
哈尔滨,20171125,多云/晴,-8,-23,3
哈尔滨,20171126,晴/多云,-8,-15,4
哈尔滨,20171127,多云/多云,1,-11,5
哈尔滨,20171128,多云/晴,-2,-18,6
哈尔滨,20171129,晴/晴,-11,-23,4
哈尔滨,20171130,晴/晴,-11,-22,3
哈尔滨,20171201,晴/多云,-11,-18,4
哈尔滨,20171202,多云/多云,-8,-19,4
哈尔滨,20171203,多云/多云,-10,-21,4
哈尔滨,20171204,晴/晴,-10,-23,4
哈尔滨,20171205,多云/晴,-14,-24,4
哈尔滨,20171206,晴/多云,-12,-22,3
哈尔滨,20171207,多云/晴,-12,-22,3
哈尔滨,20171208,多云/多云,-10,-20,4
哈尔滨,20171209,小雪-中雪/阵雪,-7,-20,3
哈尔滨,20171210,阵雪/多云,-13,-22,5
哈尔滨,20171211,多云/多云,-17,-24,4
哈尔滨,20171212,多云/多云,-16,-25,4
哈尔滨,20171213,晴/晴,-16,-25,4
哈尔滨,20171214,多云/多云,-13,-22,4
哈尔滨,20171215,阵雪/多云,-13,-23,4
哈尔滨,20171216,晴/多云,-16,-23,3
哈尔滨,20171217,多云/多云,-12,-19,4
哈尔滨,20171218,阵雪/多云,-13,-24,4
哈尔滨,20171219,晴/晴,-13,-23,4
哈尔滨,20171220,晴/晴,-10,-21,4
哈尔滨,20171221,多云/多云,-4,-12,4
哈尔滨,20171222,多云/多云,-3,-13,4
哈尔滨,20171223,多云/多云,-6,-17,4
哈尔滨,20171224,多云/多云,-9,-21,4
哈尔滨,20171225,阵雪/阵雪,-11,-23,4
哈尔滨,20171226,多云/晴,-18,-24,5
哈尔滨,20171227,晴/晴,-14,-24,4
哈尔滨,20171228,晴/晴,-13,-23,4
哈尔滨,20171229,多云/多云,-14,-21,4
哈尔滨,20171230,小雪/小雪,-12,-17,4
哈尔滨,20171231,阵雪/多云,-12,-20,4
哈尔滨,20180101,多云/多云,-12,-23,4
哈尔滨,20180101,多云/多云,-12,-23,4
哈尔滨,20180102,多云/多云,-12,-23,4
哈尔滨,20180103,多云/多云,-12,-20,4
哈尔滨,20180104,晴/晴,-10,-20,4
哈尔滨,20180105,多云/晴,-10,-21,4
哈尔滨,20180106,晴/晴,-8,-20,3
哈尔滨,20180107,多云/阵雪,-6,-15,3
哈尔滨,20180108,小雪/小雪,-8,-18,5
哈尔滨,20180109,阵雪/多云,-16,-24,5
哈尔滨,20180110,多云/多云,-18,-28,3
哈尔滨,20180111,多云/多云,-19,-30,3
哈尔滨,20180112,多云/多云,-16,-29,3
哈尔滨,20180113,多云/多云,-12,-24,4
哈尔滨,20180114,小雪/小雪,-4,-20,5
哈尔滨,20180115,多云/多云,-12,-22,4
哈尔滨,20180116,阵雪/多云,-10,-21,3
哈尔滨,20180117,阵雪/阵雪,-8,-21,4
哈尔滨,20180118,晴/晴,-12,-21,4
哈尔滨,20180119,多云/晴,-9,-25,4
哈尔滨,20180120,晴/晴,-16,-29,4
哈尔滨,20180121,晴/晴,-19,-31,4
哈尔滨,20180122,晴/晴,-21,-33,4
哈尔滨,20180123,多云/多云,-24,-35,4
哈尔滨,20180124,晴/晴,-24,-35,4
哈尔滨,20180125,晴/晴,-22,-32,3
哈尔滨,20180126,多云/晴,-20,-31,4
哈尔滨,20180127,多云/晴,-18,-28,4
哈尔滨,20180128,多云/晴,-18,-28,4
哈尔滨,20180129,晴/晴,-16,-25,4
哈尔滨,20180130,晴/晴,-16,-29,4
哈尔滨,20180131,晴/晴,-13,-25,4
哈尔滨,20180201,晴/晴,-11,-23,3
哈尔滨,20180202,多云/多云,-11,-25,4
哈尔滨,20180203,多云/晴,-13,-27,3
哈尔滨,20180204,晴/晴,-16,-30,4
哈尔滨,20180205,晴/晴,-17,-28,3
哈尔滨,20180206,多云/晴,-15,-28,3
哈尔滨,20180207,晴/晴,-14,-25,3
哈尔滨,20180208,晴/多云,-10,-19,4
哈尔滨,20180209,阵雪/多云,-2,-23,4
哈尔滨,20180210,阵雪/多云,-14,-26,4
哈尔滨,20180211,阵雪/多云,-14,-25,4
哈尔滨,20180212,多云/多云,-13,-23,3
哈尔滨,20180213,多云/多云,-11,-22,4
哈尔滨,20180214,多云/晴,-8,-22,4
哈尔滨,20180215,晴/多云,-7,-17,4
哈尔滨,20180216,多云/晴,-10,-22,4
哈尔滨,20180217,晴/晴,-10,-22,5
哈尔滨,20180218,晴/晴,-8,-18,3
哈尔滨,20180219,多云/多云,-8,-21,4
哈尔滨,20180220,晴/晴,-7,-20,5
哈尔滨,20180221,多云/多云,-5,-17,3
哈尔滨,20180222,晴/多云,-8,-20,3
哈尔滨,20180223,多云/多云,-8,-21,4
哈尔滨,20180224,晴/晴,-7,-20,4
哈尔滨,20180225,多云/多云,-6,-17,4
哈尔滨,20180226,晴/多云,-5,-16,4
哈尔滨,20180227,晴/多云,-5,-16,4
哈尔滨,20180228,大雪/大雪,-3,-11,5
哈尔滨,20180301,阵雪/多云,-8,-20,5
哈尔滨,20180302,多云/多云,-6,-16,4
哈尔滨,20180303,大雪/阵雪,-5,-15,5
哈尔滨,20180304,晴/晴,-7,-20,4
哈尔滨,20180305,晴/多云,-8,-19,4
哈尔滨,20180306,多云/多云,-7,-22,4
哈尔滨,20180307,阵雪/多云,-10,-21,4
哈尔滨,20180308,多云/晴,-9,-24,4
哈尔滨,20180309,晴/晴,-8,-15,4
哈尔滨,20180310,多云/晴,-7,-24,3
哈尔滨,20180311,晴/多云,-5,-15,3
哈尔滨,20180312,多云/晴,5,-5,5
哈尔滨,20180313,多云/多云,4,-7,4
哈尔滨,20180314,雨夹雪/阵雪,3,-11,4
哈尔滨,20180315,多云/晴,-3,-17,5
哈尔滨,20180316,晴/晴,1,-9,4
哈尔滨,20180317,晴/多云,6,-4,5
哈尔滨,20180318,多云/晴,8,-9,5
哈尔滨,20180319,晴/晴,-1,-14,4
哈尔滨,20180320,少云/晴,1,-8,2
哈尔滨,20180321,晴/晴,6,-6,3
哈尔滨,20180322,晴/晴,11,-2,4
哈尔滨,20180323,多云/多云,12,-2,4
哈尔滨,20180324,晴/晴,14,1,4
哈尔滨,20180325,多云/晴,17,0,4
哈尔滨,20180326,晴/晴,20,4,6
哈尔滨,20180327,多云/多云,21,4,5
哈尔滨,20180328,多云/晴,13,-1,5
哈尔滨,20180329,晴/晴,10,-1,4
哈尔滨,20180330,多云/阵雨,14,2,4
哈尔滨,20180331,阵雨/多云,10,0,4
哈尔滨,20180401,多云/多云,18,5,6
哈尔滨,20180402,阵雨/晴,14,-3,6
哈尔滨,20180403,晴/晴,7,-4,5
哈尔滨,20180404,晴/晴,5,-5,5
哈尔滨,20180405,霾/多云,5,-6,3
哈尔滨,20180406,多云/晴,6,-5,4
哈尔滨,20180407,晴/多云,7,-3,4
哈尔滨,20180408,多云/多云,7,-4,4
哈尔滨,20180409,晴/多云,12,2,3
哈尔滨,20180410,小雨/雨夹雪,8,2,5
哈尔滨,20180411,阵雨/雨夹雪,10,1,5
哈尔滨,20180412,多云/多云,9,-1,4
哈尔滨,20180413,阵雨/中雨,14,4,3
哈尔滨,20180414,小雨/雨夹雪,9,0,5
哈尔滨,20180415,多云/晴,12,-2,4
哈尔滨,20180416,晴/晴,18,9,5
哈尔滨,20180417,多云/晴,20,3,5
哈尔滨,20180418,多云/阵雨,19,7,4
哈尔滨,20180419,晴/多云,21,9,4
哈尔滨,20180420,阵雨/阵雨,18,7,5
哈尔滨,20180421,阵雨/多云,12,2,4
哈尔滨,20180422,晴/晴,17,1,3
哈尔滨,20180423,多云/多云,18,3,3
哈尔滨,20180424,晴/晴,21,8,3
哈尔滨,20180425,晴/晴,26,11,4
哈尔滨,20180426,多云/多云,15,0,5
哈尔滨,20180427,晴/多云,21,11,5
哈尔滨,20180428,多云/多云,22,9,4
哈尔滨,20180429,多云/晴,19,4,4
哈尔滨,20180430,晴/多云,19,3,3
哈尔滨,20180501,多云/多云,19,4,3
哈尔滨,20180502,多云/多云,17,3,3
哈尔滨,20180503,多云/多云,17,5,6
哈尔滨,20180504,多云/多云,14,3,5
哈尔滨,20180505,多云/多云,21,6,5
哈尔滨,20180506,晴/晴,21,4,5
哈尔滨,20180507,多云/多云,18,5,4
哈尔滨,20180508,多云/多云,16,3,4
哈尔滨,20180509,晴/晴,21,8,3
哈尔滨,20180510,阵雨/多云,22,7,5
哈尔滨,20180511,晴/多云,25,12,4
哈尔滨,20180512,多云/阵雨,22,11,5
哈尔滨,20180513,多云/多云,24,15,4
哈尔滨,20180514,多云/多云,29,14,6
哈尔滨,20180515,小雨/雷阵雨,26,18,5
哈尔滨,20180516,雷阵雨/多云,22,9,5
哈尔滨,20180517,晴/晴,23,10,4
哈尔滨,20180518,晴/晴,25,11,3
哈尔滨,20180519,晴/晴,27,16,4
哈尔滨,20180520,多云/阵雨,27,16,5
哈尔滨,20180521,多云/多云,29,18,5
哈尔滨,20180522,雷阵雨/阵雨,26,9,5
哈尔滨,20180523,雷阵雨/阵雨,19,7,4
哈尔滨,20180524,多云/晴,23,9,4
哈尔滨,20180525,晴/晴,23,8,4
哈尔滨,20180526,多云/多云,24,9,4
哈尔滨,20180527,雷阵雨/多云,17,10,4
哈尔滨,20180528,雷阵雨/雷阵雨,23,13,4
哈尔滨,20180529,晴/晴,22,11,4
哈尔滨,20180530,多云/多云,26,16,4
哈尔滨,20180531,晴/晴,31,15,2
哈尔滨,20180601,晴/晴,33,20,4
哈尔滨,20180602,晴/晴,34,21,4
哈尔滨,20180603,晴/多云,31,20,5
哈尔滨,20180604,晴/多云,28,19,5
哈尔滨,20180605,雷阵雨/多云,25,15,5
哈尔滨,20180606,多云/多云,28,16,4
哈尔滨,20180607,雷阵雨/雷阵雨,26,14,2
哈尔滨,20180608,多云/多云,24,13,2
哈尔滨,20180609,多云/多云,26,14,2
哈尔滨,20180610,多云/雷阵雨,26,15,4
哈尔滨,20180611,雷阵雨/多云,25,15,2
哈尔滨,20180612,雷阵雨/雷阵雨,26,15,3
哈尔滨,20180613,雷阵雨/多云,27,16,3
哈尔滨,20180614,雷阵雨/中雨,24,16,3
哈尔滨,20180615,雷阵雨/雷阵雨,25,17,4
哈尔滨,20180616,小雨/多云,24,15,6
哈尔滨,20180617,多云/多云,28,17,3
哈尔滨,20180618,中雨/小雨,24,16,5
哈尔滨,20180619,多云/雷阵雨,24,14,2
哈尔滨,20180620,雷阵雨/多云,22,14,4
哈尔滨,20180621,多云/晴,25,16,3
哈尔滨,20180622,多云/多云,31,18,4
哈尔滨,20180623,多云/多云,28,14,3
哈尔滨,20180624,多云/阴,26,17,2
哈尔滨,20180625,中雨/中雨,25,17,2
哈尔滨,20180626,雷阵雨/雷阵雨,27,18,4
哈尔滨,20180627,中雨/雷阵雨,24,16,4
哈尔滨,20180628,多云/多云,27,17,3
哈尔滨,20180629,雷阵雨/小雨,29,18,3
哈尔滨,20180630,小雨/多云,28,20,3
哈尔滨,20180701,晴/多云,30,21,2
哈尔滨,20180702,多云/雷阵雨,31,20,3
哈尔滨,20180703,雷阵雨/多云,29,20,2
哈尔滨,20180704,雷阵雨/雷阵雨,26,19,4
哈尔滨,20180705,雷阵雨/多云,24,17,4
哈尔滨,20180706,多云/多云,27,17,3
哈尔滨,20180707,多云/小雨,27,17,4
哈尔滨,20180707,多云/小雨,27,17,4
哈尔滨,20180708,大雨/雷阵雨,23,18,5
哈尔滨,20180709,雷阵雨/雷阵雨,26,19,4
哈尔滨,20180710,多云/晴,29,20,3
哈尔滨,20180711,小雨/中雨,32,20,4
哈尔滨,20180712,中雨/多云,29,22,5
哈尔滨,20180713,小雨/中雨,29,22,5
哈尔滨,20180714,雷阵雨/多云,30,23,5
哈尔滨,20180715,雷阵雨/多云,31,19,4
哈尔滨,20180716,小雨/大雨,31,23,4
哈尔滨,20180717,小雨/小雨,31,23,5
哈尔滨,20180718,大雨/雷阵雨,29,23,5
哈尔滨,20180719,雷阵雨/雷阵雨,31,24,5
哈尔滨,20180720,中雨/雷阵雨,29,24,5
哈尔滨,20180721,雷阵雨/雷阵雨,30,25,5
哈尔滨,20180722,多云/多云,32,25,2
哈尔滨,20180723,雷阵雨/雷阵雨,32,24,3
哈尔滨,20180724,雷阵雨/雷阵雨,31,25,2
哈尔滨,20180725,大雨/雷阵雨,28,21,6
哈尔滨,20180726,雷阵雨/雷阵雨,27,20,3
哈尔滨,20180727,多云/多云,29,20,2
哈尔滨,20180728,晴/多云,31,20,2
哈尔滨,20180729,晴/晴,31,23,3
哈尔滨,20180730,多云/雷阵雨,33,25,2
哈尔滨,20180731,雷阵雨/晴,29,18,3
哈尔滨,20180801,晴/晴,28,18,3
哈尔滨,20180802,晴/多云,28,20,2
哈尔滨,20180803,多云/中雨,33,20,3
哈尔滨,20180804,大雨/多云,25,18,5
哈尔滨,20180805,多云/多云,25,15,2
哈尔滨,20180806,多云/多云,26,17,3
哈尔滨,20180807,多云/多云,27,18,2
哈尔滨,20180808,多云/晴,28,19,2
哈尔滨,20180809,阵雨/阵雨,28,17,3
哈尔滨,20180810,雷阵雨/多云,26,17,4
哈尔滨,20180811,雷阵雨/多云,25,17,2
哈尔滨,20180812,多云/多云,26,17,3
哈尔滨,20180813,小雨/阵雨,24,17,2
哈尔滨,20180814,小雨/多云,25,17,2
哈尔滨,20180815,晴/多云,25,15,3
哈尔滨,20180816,晴/晴,25,14,2
哈尔滨,20180817,多云/雷阵雨,25,17,2
哈尔滨,20180818,雷阵雨/多云,27,17,4
哈尔滨,20180819,多云/多云,29,18,2
哈尔滨,20180820,多云/雷阵雨,29,17,3
哈尔滨,20180821,小雨/雷阵雨,24,17,4
哈尔滨,20180822,多云/多云,26,15,4
哈尔滨,20180823,多云/雷阵雨,26,16,2
哈尔滨,20180824,中雨/大雨,23,19,5
哈尔滨,20180825,小雨/阵雨,20,17,4
哈尔滨,20180826,阵雨/阵雨,22,17,2
哈尔滨,20180827,雷阵雨/多云,22,15,2
哈尔滨,20180828,雷阵雨/雷阵雨,23,18,2
哈尔滨,20180829,雷阵雨/雷阵雨,22,18,2
哈尔滨,20180830,雷阵雨/雷阵雨,23,17,2
哈尔滨,20180831,小雨/多云,24,15,2
哈尔滨,20180901,晴/多云,26,16,2
哈尔滨,20180902,中雨/中雨,23,17,4
哈尔滨,20180903,小雨/阵雨,23,17,5
哈尔滨,20180904,雷阵雨/雷阵雨,22,16,4
哈尔滨,20180905,雷阵雨/雷阵雨,20,14,4
哈尔滨,20180906,雷阵雨/多云,20,11,4
哈尔滨,20180907,多云/晴,19,8,2
哈尔滨,20180908,多云/晴,16,6,2
哈尔滨,20180909,多云/晴,18,10,4
哈尔滨,20180910,晴/晴,21,13,4
哈尔滨,20180911,多云/多云,25,15,5
哈尔滨,20180912,阵雨/阵雨,21,15,5
哈尔滨,20180913,雷阵雨/多云,23,11,2
哈尔滨,20180914,晴/雷阵雨,24,13,2
哈尔滨,20180915,多云/晴,18,10,5
哈尔滨,20180916,晴/晴,22,9,4
哈尔滨,20180917,晴/晴,23,7,2
哈尔滨,20180918,晴/多云,22,10,2
哈尔滨,20180919,晴/晴,24,10,6
哈尔滨,20180920,晴/小雨,24,14,2
哈尔滨,20180921,中雨/多云,19,9,4
哈尔滨,20180922,多云/多云,16,6,4
哈尔滨,20180923,雷阵雨/雷阵雨,15,7,2
哈尔滨,20180924,雷阵雨/晴,15,6,2
哈尔滨,20180925,多云/多云,20,6,2
哈尔滨,20180926,晴/晴,20,6,4
哈尔滨,20180927,晴/多云,21,8,2
哈尔滨,20180928,小雨/小雨,19,11,4
哈尔滨,20180929,小雨/小雨,18,10,2
哈尔滨,20180930,阵雨/多云,16,8,2
哈尔滨,20181001,晴/晴,16,7,5
哈尔滨,20181002,晴/晴,19,6,2
哈尔滨,20181003,晴/晴,19,7,2
哈尔滨,20181004,晴/晴,22,11,4
哈尔滨,20181005,多云/多云,22,9,2
哈尔滨,20181006,多云/多云,16,3,2
哈尔滨,20181007,晴/晴,14,3,2
哈尔滨,20181008,多云/多云,12,3,2
哈尔滨,20181009,多云/多云,12,2,2
哈尔滨,20181010,阵雨/阵雨,11,2,2
哈尔滨,20181011,多云/晴,13,1,4
哈尔滨,20181012,晴/晴,17,5,4
哈尔滨,20181013,晴/多云,19,7,4
哈尔滨,20181014,阵雨/多云,13,2,2
哈尔滨,20181015,多云/多云,10,0,4
哈尔滨,20181016,多云/多云,9,-2,2
哈尔滨,20181017,晴/晴,10,-2,2
哈尔滨,20181018,晴/晴,14,2,2
哈尔滨,20181019,晴/晴,16,3,2
哈尔滨,20181020,晴/晴,18,3,2
哈尔滨,20181021,晴/多云,16,7,2
哈尔滨,20181022,阵雨/小雨,17,7,2
哈尔滨,20181023,阵雨/多云,14,0,2
哈尔滨,20181024,晴/晴,12,1,2
哈尔滨,20181025,晴/小雨,13,7,2
哈尔滨,20181026,小雨/雨夹雪,9,1,4
哈尔滨,20181027,雨夹雪/多云,5,-3,5
哈尔滨,20181028,雨夹雪/阵雪,3,-3,2
哈尔滨,20181029,阵雪/中雪,2,-3,2
哈尔滨,20181030,多云/晴,6,-2,4
哈尔滨,20181031,多云/晴,7,-2,2
哈尔滨,20181101,晴/晴,12,0,2
哈尔滨,20181102,晴/多云,14,4,2
哈尔滨,20181103,多云/雨夹雪,13,0,5
哈尔滨,20181104,多云/多云,3,-7,4
哈尔滨,20181105,晴/晴,2,-7,2
哈尔滨,20181106,晴/多云,4,-6,2
哈尔滨,20181107,晴/多云,6,-5,2
哈尔滨,20181108,多云/小雨,8,1,4
哈尔滨,20181109,雨夹雪/小雪,2,-2,5
哈尔滨,20181110,多云/晴,4,-7,4
哈尔滨,20181111,多云/晴,4,-6,2
哈尔滨,20181112,多云/多云,3,-6,2
哈尔滨,20181113,多云/晴,3,-6,2
哈尔滨,20181114,晴/雨夹雪,5,-2,4
哈尔滨,20181115,多云/多云,2,-8,2
哈尔滨,20181116,多云/晴,-1,-9,2
哈尔滨,20181117,晴/多云,0,-11,2
哈尔滨,20181118,多云/多云,0,-10,2
哈尔滨,20181119,多云/晴,-3,-10,4
哈尔滨,20181120,多云/多云,-4,-11,4
哈尔滨,20181121,多云/多云,-3,-13,2
哈尔滨,20181122,晴/多云,-7,-13,4
哈尔滨,20181123,晴/多云,-4,-13,2
哈尔滨,20181124,多云/多云,0,-10,2
哈尔滨,20181125,晴/晴,2,-5,2
哈尔滨,20181126,多云/多云,7,-4,6
哈尔滨,20181127,多云/多云,-1,-10,4
哈尔滨,20181128,晴/多云,-5,-15,2
哈尔滨,20181129,晴/晴,-6,-15,2
哈尔滨,20181130,多云/晴,-3,-14,4
哈尔滨,20181201,晴/多云,2,-12,4
哈尔滨,20181202,阵雨/阵雨,7,1,4
哈尔滨,20181203,多云/多云,3,-12,5
哈尔滨,20181204,多云/晴,-9,-18,4
哈尔滨,20181205,晴/晴,-10,-20,2
哈尔滨,20181206,多云/晴,-13,-22,4
哈尔滨,20181207,多云/多云,-13,-22,4
哈尔滨,20181208,晴/晴,-14,-22,4
哈尔滨,20181209,晴/晴,-13,-22,2
哈尔滨,20181210,晴/多云,-10,-20,2
哈尔滨,20181211,晴/晴,-10,-19,2
哈尔滨,20181212,多云/阵雪,-9,-17,2
哈尔滨,20181213,阵雪/多云,-9,-19,4
哈尔滨,20181214,晴/晴,-9,-16,4
哈尔滨,20181215,晴/多云,-3,-14,2
哈尔滨,20181216,晴/晴,-2,-12,2
哈尔滨,20181217,多云/晴,-4,-14,4
哈尔滨,20181218,多云/晴,-6,-14,4
哈尔滨,20181219,晴/晴,-3,-13,2
哈尔滨,20181220,晴/多云,-2,-12,2
哈尔滨,20181221,中雪/多云,-2,-10,2
哈尔滨,20181222,晴/多云,-2,-17,4
哈尔滨,20181223,晴/多云,-9,-20,4
哈尔滨,20181224,晴/多云,-9,-16,2
哈尔滨,20181225,多云/多云,-11,-25,5
哈尔滨,20181226,晴/晴,-17,-25,5
哈尔滨,20181227,晴/晴,-16,-23,5
哈尔滨,20181228,晴/晴,-15,-23,4
哈尔滨,20181229,晴/晴,-15,-22,4
哈尔滨,20181230,晴/多云,-12,-23,2
哈尔滨,20181231,晴/晴,-12,-22,2
哈尔滨,20190101,多云/多云,-12,-19,4
哈尔滨,20190102,晴/晴,-10,-19,2
哈尔滨,20190103,多云/小雪,-10,-21,2
哈尔滨,20190104,多云/多云,-9,-21,2
哈尔滨,20190105,晴/晴,-11,-20,2
哈尔滨,20190106,晴/多云,-10,-21,2
哈尔滨,20190107,晴/多云,-9,-23,2
哈尔滨,20190108,晴/晴,-12,-19,4
哈尔滨,20190109,晴/晴,-6,-15,5
哈尔滨,20190110,晴/晴,-5,-17,2
哈尔滨,20190111,霾/霾,-4,-17,2
哈尔滨,20190112,晴/雾,-2,-13,2
哈尔滨,20190113,霾/多云,-6,-16,2
哈尔滨,20190114,多云/阵雪,-9,-18,4
哈尔滨,20190115,晴/晴,-13,-22,4
哈尔滨,20190116,晴/晴,-11,-24,5
哈尔滨,20190117,晴/晴,-15,-24,4
哈尔滨,20190118,晴/晴,-12,-23,2
哈尔滨,20190119,霾/晴,-9,-24,2
哈尔滨,20190120,晴/晴,-8,-18,4
哈尔滨,20190121,多云/多云,-7,-16,2
哈尔滨,20190122,多云/多云,-3,-17,4
哈尔滨,20190123,晴/晴,-8,-19,4
哈尔滨,20190124,多云/多云,-7,-16,2
哈尔滨,20190125,多云/多云,-7,-18,4
哈尔滨,20190126,晴/晴,-6,-17,2
哈尔滨,20190127,多云/多云,-2,-14,2
哈尔滨,20190128,多云/晴,-6,-15,4
哈尔滨,20190129,多云/多云,-1,-11,4
哈尔滨,20190130,多云/多云,-7,-19,5
哈尔滨,20190131,晴/晴,-7,-17,4
哈尔滨,20190201,晴/晴,-5,-18,2
哈尔滨,20190202,多云/阴,-3,-16,2
哈尔滨,20190203,多云/多云,-6,-21,4
哈尔滨,20190204,多云/阵雪,-12,-22,4
哈尔滨,20190205,多云/多云,-13,-23,2
哈尔滨,20190206,晴/多云,-15,-24,2
哈尔滨,20190207,晴/晴,-17,-24,4
哈尔滨,20190208,晴/多云,-12,-22,2
哈尔滨,20190209,晴/晴,-9,-22,2
哈尔滨,20190210,晴/晴,-8,-21,2
哈尔滨,20190211,霾/晴,-7,-21,2
哈尔滨,20190212,晴/晴,-9,-20,2
哈尔滨,20190213,晴/晴,-6,-18,2
哈尔滨,20190214,晴/多云,-5,-16,2
哈尔滨,20190215,霾/晴,-4,-18,2
哈尔滨,20190216,晴/晴,-3,-14,4
哈尔滨,20190217,晴/晴,-1,-11,4
哈尔滨,20190218,晴/晴,4,-8,4
哈尔滨,20190219,多云/阵雪,2,-7,2
哈尔滨,20190220,霾/霾,4,-9,2
哈尔滨,20190221,晴/晴,5,-10,2
哈尔滨,20190222,晴/晴,4,-7,2
哈尔滨,20190223,晴/晴,10,-6,5
哈尔滨,20190224,多云/晴,4,-7,5
哈尔滨,20190225,晴/多云,3,-9,4
哈尔滨,20190226,晴/晴,3,-9,2
哈尔滨,20190227,多云/多云,6,-5,2
哈尔滨,20190228,多云/多云,6,-7,2
哈尔滨,20190301,晴/晴,7,-6,2
哈尔滨,20190302,晴/晴,11,-5,2
哈尔滨,20190303,晴/晴,9,-7,2
哈尔滨,20190304,晴/阴,9,-3,2
哈尔滨,20190305,多云/多云,10,-6,4
哈尔滨,20190306,晴/晴,5,-7,4
哈尔滨,20190307,晴/晴,7,-6,2
哈尔滨,20190308,多云/多云,12,-2,5
哈尔滨,20190309,多云/多云,6,-8,5
哈尔滨,20190310,晴/多云,8,-5,2
哈尔滨,20190311,多云/阵雪,8,-5,2
哈尔滨,20190312,中雪/阵雪,-1,-7,5
哈尔滨,20190313,多云/多云,2,-9,5
哈尔滨,20190314,多云/多云,4,-9,2
哈尔滨,20190315,晴/晴,4,-10,2
哈尔滨,20190316,多云/多云,6,-7,2
哈尔滨,20190317,多云/晴,10,2,5
哈尔滨,20190318,晴/晴,15,-1,4
哈尔滨,20190319,晴/多云,16,0,2
哈尔滨,20190320,多云/中雪,6,-3,4
哈尔滨,20190321,中雪/多云,-1,-12,5
哈尔滨,20190322,多云/多云,2,-10,2
哈尔滨,20190323,晴/晴,2,-5,4
哈尔滨,20190324,多云/多云,9,-5,5
哈尔滨,20190325,多云/晴,10,-5,4
哈尔滨,20190326,晴/多云,5,-5,4
哈尔滨,20190327,晴/晴,5,-7,2
哈尔滨,20190328,晴/多云,4,-7,2
哈尔滨,20190329,多云/多云,6,-5,4
哈尔滨,20190330,多云/多云,6,-6,4
哈尔滨,20190331,晴/晴,4,-8,2
哈尔滨,20190401,晴/多云,7,-5,4
哈尔滨,20190402,晴/晴,8,-4,4
哈尔滨,20190403,晴/多云,13,-3,5
哈尔滨,20190404,雨夹雪/中雪,7,-2,5
哈尔滨,20190405,雨夹雪/晴,7,-4,5
哈尔滨,20190406,多云/多云,8,-3,4
哈尔滨,20190407,多云/多云,9,-3,4
哈尔滨,20190408,多云/晴,11,-3,4
哈尔滨,20190409,晴/晴,11,-2,2
哈尔滨,20190410,晴/晴,13,0,2
哈尔滨,20190411,晴/晴,15,2,4
哈尔滨,20190412,晴/阵雨,18,5,5
哈尔滨,20190413,多云/多云,13,-1,4
哈尔滨,20190414,多云/晴,13,3,4
哈尔滨,20190415,晴/晴,21,7,4
哈尔滨,20190416,晴/多云,25,9,6
哈尔滨,20190417,多云/阵雨,21,4,6
哈尔滨,20190418,晴/晴,10,-2,5
哈尔滨,20190419,晴/晴,12,1,2
哈尔滨,20190420,多云/多云,16,1,4
哈尔滨,20190421,晴/晴,16,3,2
哈尔滨,20190422,多云/阵雨,20,11,6
哈尔滨,20190423,多云/多云,19,7,5
哈尔滨,20190424,晴/晴,13,1,5
哈尔滨,20190425,多云/多云,13,1,2
哈尔滨,20190426,晴/晴,16,4,2
哈尔滨,20190427,晴/多云,20,8,4
哈尔滨,20190428,多云/多云,19,7,6
哈尔滨,20190429,晴/多云,21,6,4
哈尔滨,20190430,阵雨/多云,20,8,4
哈尔滨,20190501,多云/晴,16,4,6
哈尔滨,20190502,晴/晴,18,4,2
哈尔滨,20190503,晴/晴,25,10,4
哈尔滨,20190504,多云/阵雨,27,5,4
哈尔滨,20190505,多云/多云,11,2,5
哈尔滨,20190506,晴/多云,16,4,5
哈尔滨,20190507,晴/晴,22,10,4
哈尔滨,20190508,多云/晴,22,7,4
哈尔滨,20190509,晴/晴,23,11,2
哈尔滨,20190510,晴/晴,30,15,5
哈尔滨,20190511,多云/晴,30,12,4
哈尔滨,20190512,多云/多云,30,15,5
哈尔滨,20190513,雷阵雨/多云,19,11,5
哈尔滨,20190514,多云/晴,21,8,5
哈尔滨,20190515,多云/雷阵雨,27,15,6
哈尔滨,20190516,多云/雷阵雨,25,14,6
哈尔滨,20190517,雷阵雨/雷阵雨,22,15,5
哈尔滨,20190518,小雨/阵雨,16,10,4
哈尔滨,20190519,中雨/中雨,17,9,4
哈尔滨,20190520,阵雨/阵雨,13,8,5
哈尔滨,20190521,阵雨/阵雨,14,8,4
哈尔滨,20190522,阵雨/多云,15,5,4
哈尔滨,20190523,晴/晴,24,14,4
哈尔滨,20190524,晴/晴,33,21,6
哈尔滨,20190525,多云/小雨,34,16,6
哈尔滨,20190526,中雨/大雨,15,9,4
哈尔滨,20190527,小雨/多云,15,9,5
哈尔滨,20190528,小雨/多云,17,12,6
哈尔滨,20190529,多云/多云,24,11,5
哈尔滨,20190530,雷阵雨/雷阵雨,23,10,4
哈尔滨,20190531,多云/多云,20,9,4
哈尔滨,20190601,多云/多云,22,10,2
哈尔滨,20190602,多云/多云,24,11,5
哈尔滨,20190603,多云/多云,25,14,2
哈尔滨,20190604,晴/多云,25,11,2
哈尔滨,20190605,雷阵雨/雷阵雨,26,13,2
哈尔滨,20190606,晴/多云,27,14,2
哈尔滨,20190607,多云/雷阵雨,27,17,4
哈尔滨,20190608,雷阵雨/雷阵雨,24,17,4
哈尔滨,20190609,雷阵雨/多云,23,15,4
哈尔滨,20190610,多云/多云,25,15,2
哈尔滨,20190611,雷阵雨/多云,25,17,2
哈尔滨,20190612,晴/雷阵雨,28,18,4
哈尔滨,20190613,小雨/多云,24,15,4
哈尔滨,20190614,雷阵雨/雷阵雨,22,12,4
哈尔滨,20190615,多云/晴,20,10,5
哈尔滨,20190616,晴/多云,22,10,2
哈尔滨,20190617,多云/多云,24,13,2
哈尔滨,20190618,晴/多云,25,14,2
哈尔滨,20190619,雷阵雨/多云,29,12,4
哈尔滨,20190620,多云/多云,24,14,2
哈尔滨,20190621,多云/多云,26,15,2
哈尔滨,20190622,多云/多云,27,15,2
哈尔滨,20190623,晴/多云,30,18,2
哈尔滨,20190624,多云/多云,33,21,4
哈尔滨,20190625,多云/多云,32,23,4
哈尔滨,20190626,多云/多云,31,22,4
哈尔滨,20190627,多云/多云,29,17,4
哈尔滨,20190628,雷阵雨/中雨,20,15,4
哈尔滨,20190629,小雨/多云,23,16,4
哈尔滨,20190630,小雨/小雨,20,15,4
哈尔滨,20190701,小雨/多云,22,15,2
哈尔滨,20190702,小雨/小雨,25,16,4
哈尔滨,20190703,雷阵雨/多云,23,15,2
哈尔滨,20190704,多云/多云,28,19,4
哈尔滨,20190705,雷阵雨/中雨,27,21,2
哈尔滨,20190706,雷阵雨/多云,29,19,4
哈尔滨,20190707,多云/晴,30,21,2
哈尔滨,20190708,晴/多云,30,21,2
哈尔滨,20190709,多云/多云,30,21,2
哈尔滨,20190710,多云/多云,31,21,2
哈尔滨,20190711,多云/多云,28,19,4
哈尔滨,20190712,雷阵雨/多云,27,19,2
哈尔滨,20190713,多云/多云,27,18,2
哈尔滨,20190714,雷阵雨/多云,27,19,2
哈尔滨,20190715,雷阵雨/雷阵雨,27,19,2
哈尔滨,20190716,雷阵雨/中雨,29,21,4
哈尔滨,20190717,雷阵雨/晴,27,19,2
哈尔滨,20190718,雷阵雨/雷阵雨,29,21,4
哈尔滨,20190719,雷阵雨/多云,30,22,4
哈尔滨,20190720,多云/多云,31,23,4
哈尔滨,20190721,雷阵雨/雷阵雨,30,22,4
哈尔滨,20190722,雷阵雨/多云,29,21,4
哈尔滨,20190723,雷阵雨/中雨,27,20,4
哈尔滨,20190724,雷阵雨/中雨,29,21,4
哈尔滨,20190725,阵雨/阵雨,25,17,4
哈尔滨,20190726,雷阵雨/阵雨,27,19,2
哈尔滨,20190727,雷阵雨/多云,29,22,2
哈尔滨,20190728,多云/多云,31,24,4
哈尔滨,20190729,雷阵雨/暴雨,29,22,5
哈尔滨,20190730,中雨/多云,27,21,5
哈尔滨,20190731,雷阵雨/多云,29,21,2
哈尔滨,20190801,雷阵雨/多云,29,19,2
哈尔滨,20190802,多云/多云,30,21,2
哈尔滨,20190803,多云/多云,29,20,2
哈尔滨,20190804,晴/多云,30,20,2
哈尔滨,20190805,多云/雷阵雨,31,21,2
哈尔滨,20190806,雷阵雨/雷阵雨,28,21,2
哈尔滨,20190807,雷阵雨/中雨,27,20,2
哈尔滨,20190808,大雨/雷阵雨,23,18,4
哈尔滨,20190809,阵雨/多云,22,16,4
哈尔滨,20190810,雷阵雨/中雨,24,19,4
哈尔滨,20190811,雷阵雨/小雨,22,17,2
哈尔滨,20190812,雷阵雨/多云,24,18,2
哈尔滨,20190813,多云/大雨,25,20,2
哈尔滨,20190814,中雨/小雨,23,19,4
哈尔滨,20190815,小雨/中雨,24,19,4
哈尔滨,20190816,中雨/小雨,22,17,4
哈尔滨,20190817,大雨/小雨,20,15,4
哈尔滨,20190818,雷阵雨/多云,22,14,4
哈尔滨,20190819,雷阵雨/多云,22,13,2
哈尔滨,20190820,多云/中雨,24,19,4
哈尔滨,20190821,小雨/小雨,24,17,4
哈尔滨,20190822,阵雨/阵雨,22,15,2
哈尔滨,20190823,雷阵雨/多云,22,14,4
哈尔滨,20190824,雷阵雨/多云,23,14,2
哈尔滨,20190825,多云/小雨,25,16,2
哈尔滨,20190826,雷阵雨/中雨,26,18,4
哈尔滨,20190827,多云/小雨,25,15,5
哈尔滨,20190828,雷阵雨/雷阵雨,24,16,2
哈尔滨,20190829,雷阵雨/雷阵雨,21,16,2
哈尔滨,20190830,雷阵雨/多云,21,12,2
哈尔滨,20190831,晴/多云,25,15,4
哈尔滨,20190901,雷阵雨/阵雨,27,15,4
哈尔滨,20190902,晴/晴,24,13,2
哈尔滨,20190903,晴/晴,27,17,2
哈尔滨,20190904,晴/晴,29,18,4
哈尔滨,20190905,多云/多云,28,19,2
哈尔滨,20190906,阵雨/阵雨,27,18,2
哈尔滨,20190907,雷阵雨/大雨,25,20,4
哈尔滨,20190908,阵雨/多云,25,12,6
哈尔滨,20190909,多云/多云,23,10,2
哈尔滨,20190910,晴/多云,19,9,2
哈尔滨,20190911,晴/晴,21,10,2
哈尔滨,20190912,晴/多云,24,15,4
哈尔滨,20190913,中雨/多云,21,11,4
哈尔滨,20190914,晴/晴,22,10,4
哈尔滨,20190915,阵雨/多云,23,7,5
哈尔滨,20190916,晴/晴,17,7,2
哈尔滨,20190917,雷阵雨/雷阵雨,20,5,5
哈尔滨,20190918,晴/晴,14,4,5
哈尔滨,20190919,晴/晴,16,4,2
哈尔滨,20190920,小雨/小雨,21,9,2
哈尔滨,20190921,多云/晴,17,5,2
哈尔滨,20190922,晴/晴,21,7,2
哈尔滨,20190923,晴/多云,24,7,2
哈尔滨,20190924,晴/晴,20,8,4
哈尔滨,20190925,晴/晴,24,8,2
哈尔滨,20190926,晴/晴,24,14,2
哈尔滨,20190927,晴/晴,26,14,2
哈尔滨,20190928,晴/晴,27,12,5
哈尔滨,20190929,晴/晴,20,8,4
哈尔滨,20190930,多云/多云,25,17,4
哈尔滨,20191001,晴/晴,28,16,5
哈尔滨,20191002,多云/多云,27,8,5
哈尔滨,20191003,阵雨/阵雨,15,5,6
哈尔滨,20191004,多云/晴,11,0,4
哈尔滨,20191005,晴/晴,14,4,2
哈尔滨,20191006,晴/晴,17,6,5
哈尔滨,20191007,多云/阵雨,19,5,5
哈尔滨,20191008,多云/晴,13,5,5
哈尔滨,20191009,晴/晴,18,8,5
哈尔滨,20191010,多云/多云,15,-2,4
哈尔滨,20191011,晴/多云,11,-2,4
哈尔滨,20191012,晴/多云,9,-5,4
哈尔滨,20191013,多云/多云,9,-2,2
哈尔滨,20191014,晴/晴,8,0,4
哈尔滨,20191015,晴/晴,13,2,5
哈尔滨,20191016,晴/晴,13,-2,2
哈尔滨,20191017,晴/晴,15,-1,2
哈尔滨,20191018,多云/多云,17,4,2
哈尔滨,20191019,多云/多云,15,5,2
哈尔滨,20191020,阵雨/晴,17,2,5
哈尔滨,20191021,晴/晴,15,0,4
哈尔滨,20191022,晴/晴,15,1,2
哈尔滨,20191023,晴/晴,18,3,2
哈尔滨,20191024,多云/小雨,18,6,2
哈尔滨,20191025,雨夹雪/多云,6,-3,4
哈尔滨,20191026,晴/晴,8,0,2
哈尔滨,20191027,晴/多云,11,0,4
哈尔滨,20191028,小雨/小雨,14,1,4
哈尔滨,20191029,阵雨/多云,8,-2,4
哈尔滨,20191030,多云/多云,11,2,4
哈尔滨,20191031,晴/晴,11,-1,6
哈尔滨,20191101,晴/晴,7,-1,4
哈尔滨,20191102,晴/晴,6,-6,4
哈尔滨,20191103,晴/晴,5,-4,2
哈尔滨,20191104,晴/多云,8,-4,4
哈尔滨,20191105,晴/晴,5,-5,5
哈尔滨,20191106,多云/多云,1,-7,4
哈尔滨,20191107,多云/晴,0,-6,4
哈尔滨,20191108,晴/晴,2,-7,2
哈尔滨,20191109,晴/多云,6,-2,2
哈尔滨,20191110,小雨/雨夹雪,6,-4,4
哈尔滨,20191111,晴/多云,9,-7,5
哈尔滨,20191112,雨夹雪/小雪,0,-9,2
哈尔滨,20191113,多云/多云,-2,-13,4
哈尔滨,20191114,多云/晴,-6,-16,4
哈尔滨,20191115,晴/晴,-5,-14,4
哈尔滨,20191116,晴/多云,-4,-13,4
哈尔滨,20191117,小雪/暴雪,-3,-9,4
哈尔滨,20191118,阵雪/阵雪,-7,-15,6
哈尔滨,20191119,阵雪/多云,-8,-16,5
哈尔滨,20191120,晴/晴,-5,-14,2
哈尔滨,20191121,晴/多云,0,-10,4
哈尔滨,20191122,多云/雨夹雪,7,-3,5
哈尔滨,20191123,多云/多云,2,-11,5
哈尔滨,20191124,多云/多云,-7,-16,4
哈尔滨,20191125,晴/多云,-6,-13,5
哈尔滨,20191126,多云/多云,-1,-15,5
哈尔滨,20191127,晴/晴,-8,-16,4
哈尔滨,20191128,晴/晴,-6,-17,2
哈尔滨,20191129,晴/多云,-5,-14,2
哈尔滨,20191130,中雪/阵雪,-4,-10,5
哈尔滨,20191201,多云/多云,-6,-14,2
,20191202,多云/多云,-8,-18,4
,20191203,多云/晴,-13,-22,4
,20191204,多云/晴,-15,-23,4
,20191205,晴/晴,-14,-21,4
,20191206,多云/多云,-9,-17,4
,20191207,晴/晴,-9,-18,4
,20191208,晴/多云,-4,-12,2
,20191209,阵雪/多云,0,-12,4
,20191210,多云/多云,-4,-16,2
,20191211,多云/多云,-9,-16,2
,20191212,晴/多云,-6,-15,4
,20191213,阵雪/多云,-5,-18,2
,20191214,晴/晴,-4,-17,2
,20191215,多云/多云,-1,-12,2
,20191216,中雪/大雪,0,-10,4
,20191217,多云/晴,-7,-21,4
,20191218,晴/多云,-12,-21,2
,20191219,多云/晴,-12,-24,2
,20191220,多云/多云,-10,-23,4
,20191221,多云/晴,-9,-21,2
,20191222,多云/晴,-13,-27,2
,20191223,晴/晴,-14,-25,2
,20191224,多云/小雪,-13,-22,2
,20191225,小雪/多云,-9,-23,2
,20191226,晴/晴,-14,-26,2
,20191227,晴/晴,-15,-28,2
,20191228,多云/中雪,-14,-23,2
,20191229,大雪/小雪,-11,-24,5
,20191230,晴/晴,-20,-29,2
,20191231,多云/晴,-19,-28,5
